CRATER_ID,lat,lon,diam_km,source,match_dist_km,flagged_low_confidence_match,original_area,original_degree,corrected_area,corrected_degree,final_area,final_degree,reviewed,agrees,flag_bad_match,note
02-1-004775,1.00666,235.617,3.71381,additional_hebrew_list,0.2655708140305699,False,highland,v-fr,,,highland,v-fr,True,True,False,
02-1-013542,3.68587,266.289,1.05221,additional_hebrew_list,4.549189562715708,True,highland,v-fr,highland,r-dr,highland,r-dr,True,False,False,
02-1-020934,6.4605,264.106,1.85732,additional_hebrew_list,0.2782400796946885,False,highland,v-fr,,,highland,v-fr,True,True,False,
02-1-037395,9.65033,268.642,1.21656,additional_hebrew_list,3.483343307449117,True,highland,v-fr,highland,r-dr,highland,r-dr,True,False,False,
02-1-041474,11.8011,181.263,1.61743,additional_hebrew_list,3.299430894787886,True,highland,v-fr,highland,v-fr,highland,v-fr,True,False,True,
02-1-054643,14.2631,269.584,1.1288,additional_hebrew_list,0.1299598377307101,False,highland,v-fr,,,highland,v-fr,True,True,False,
02-1-123677,35.831,233.892,1.36648,additional_hebrew_list,0.0956807980158163,False,highland,v-fr,,,highland,v-fr,True,True,False,
02-1-171121,55.9223,186.744,1.44578,additional_hebrew_list,0.1669034727598569,False,highland,v-fr,highland,r-fr,highland,r-fr,True,False,False,
02-1-174660,56.8255,214.24,2.42074,additional_hebrew_list,0.1695794073630444,False,highland,v-fr,highland,r-fr,highland,r-fr,True,False,False,
02-1-176029,57.8598,210.013,1.34313,additional_hebrew_list,0.1313676917902419,False,highland,v-fr,highland,r-fr,highland,r-fr,True,False,False,
02-2-000286,4.89732,262.542,1.32667,additional_hebrew_list,4.7199383056827005,True,highland,v-fr,highland,v-fr,highland,v-fr,True,False,True,
02-3-000255,3.83597,180.753,1.98968,additional_hebrew_list,0.1742191289058112,False,highland,v-fr,highland,r-fr,highland,r-fr,True,False,False,
03-1-006754,-1.81414,187.757,1.10565,additional_hebrew_list,0.1396234596287038,False,highland,v-fr,,,highland,v-fr,True,True,False,
03-1-072618,-23.3631,194.448,1.66342,additional_hebrew_list,0.1480237260417702,False,highland,v-fr,highland,r-fr,highland,r-fr,True,False,False,
03-1-085580,-28.4265,186.437,3.66384,additional_hebrew_list,0.179913823137367,False,highland,v-fr,highland,r-fr,highland,r-fr,True,False,False,
03-1-100594,-34.642,234.34,1.39902,additional_hebrew_list,0.0447364841275618,False,highland,v-fr,,,highland,v-fr,True,True,False,
03-1-122545,-42.4428,264.771,2.02041,additional_hebrew_list,0.0572719330079568,False,highland,v-fr,highland,r-fr,highland,r-fr,True,False,False,
04-1-005863,3.94537,312.037,1.23745,additional_hebrew_list,0.2529979484239776,False,mare,v-fr,,,mare,v-fr,True,True,False,
04-1-015449,9.63682,337.715,2.14452,additional_hebrew_list,0.2261771796247172,False,mare,v-fr,mare,r-fr,mare,r-fr,True,False,False,
04-1-023557,14.2675,326.965,2.20245,additional_hebrew_list,0.3403308733179231,False,mare,v-fr,mare,r-fr,mare,r-fr,True,False,False,
04-1-024240,14.1059,273.188,1.31619,additional_hebrew_list,0.3196815969391195,False,highland,v-fr,,,highland,v-fr,True,True,False,
04-1-024475,15.2177,277.0,1.1399,additional_hebrew_list,0.2411375041894262,False,highland,v-fr,highland,v-fr,highland,v-fr,True,False,True,
04-1-025115,15.2597,301.011,1.01496,additional_hebrew_list,18.35866867216109,True,mare,v-fr,mare,v-fr,mare,v-fr,True,False,True,
04-1-025497,14.5748,327.336,2.39235,additional_hebrew_list,0.1912732002025961,False,mare,v-fr,mare,r-fr,mare,r-fr,True,False,False,
04-1-028466,16.1533,298.535,1.59417,additional_hebrew_list,0.2507797252637985,False,mare,v-fr,mare,r-fr,mare,r-fr,True,False,False,
04-1-029631,17.1053,299.607,2.81903,additional_hebrew_list,0.2091407250567837,False,mare,v-fr,mare,r-fr,mare,r-fr,True,False,False,
04-1-034056,19.1839,302.825,2.84436,additional_hebrew_list,0.1919143905703369,False,mare,r-fr,,,mare,r-fr,True,True,False,
04-1-040478,21.3901,331.039,3.87105,additional_hebrew_list,0.3372465395895341,False,mare,r-fr,,,mare,r-fr,True,True,False,
04-1-047896,24.6277,342.858,3.99413,additional_hebrew_list,0.2747459412511808,False,mare,r-fr,,,mare,r-fr,True,True,False,
04-1-047987,24.8484,340.943,1.47919,additional_hebrew_list,0.2024896093399833,False,mare,r-fr,,,mare,r-fr,True,True,False,
04-1-049194,24.6882,281.53,1.01459,additional_hebrew_list,0.2588409845688486,False,mare,v-fr,,,mare,v-fr,True,True,False,
04-1-050401,26.3646,293.908,1.93986,additional_hebrew_list,0.2488182339380804,False,mare,v-fr,mare,r-fr,mare,r-fr,True,False,False,
04-1-058781,28.4971,325.718,1.96846,additional_hebrew_list,0.2414709827784558,False,mare,v-fr,mare,r-fr,mare,r-fr,True,False,False,
04-1-061012,29.7365,347.962,1.04504,additional_hebrew_list,4.359279982211796,True,mare,v-fr,mare,v-fr,mare,v-fr,True,False,True,
04-1-061092,29.0784,346.396,1.0446,additional_hebrew_list,0.2063965610173473,False,mare,v-fr,,,mare,v-fr,True,True,False,
04-1-062582,29.4097,308.971,1.00711,additional_hebrew_list,0.3449799301424036,False,mare,v-fr,mare,v-fr,mare,v-fr,True,False,True,
04-1-064290,30.0012,288.138,1.40812,additional_hebrew_list,0.2590796610554136,False,mare,v-fr,mare,v-fr,mare,v-fr,True,False,True,
04-1-066543,31.2212,352.671,1.66364,additional_hebrew_list,0.3809698327918393,False,mare,r-fr,,,mare,r-fr,True,True,False,
04-1-066922,31.5794,339.5,1.34036,additional_hebrew_list,0.2721881969708506,False,mare,v-fr,mare,r-fr,mare,r-fr,True,False,False,
04-1-067837,31.352,296.465,2.81323,additional_hebrew_list,0.2273986770972091,False,mare,v-fr,mare,r-fr,mare,r-fr,True,False,False,
04-1-069391,32.4865,289.879,1.85697,additional_hebrew_list,0.2780163574562697,False,mare,r-fr,,,mare,r-fr,True,True,False,
04-1-070392,32.6258,334.95,3.96764,additional_hebrew_list,0.158868070369621,False,mare,r-fr,mare,r-fr,mare,r-fr,True,True,False,
04-1-070397,32.4222,335.534,3.53207,additional_hebrew_list,0.2377069076215468,False,mare,r-fr,,,mare,r-fr,True,True,False,
04-1-071034,32.3644,356.925,1.14737,additional_hebrew_list,0.3454816755098698,False,mare,v-fr,mare,r-fr,mare,r-fr,True,False,True,
04-1-072134,34.0879,338.469,1.39051,additional_hebrew_list,0.1756262801477978,False,mare,v-fr,mare,r-fr,mare,r-fr,True,False,False,
04-1-073038,34.3831,288.715,2.23888,additional_hebrew_list,0.2676449726319438,False,mare,v-fr,mare,r-fr,mare,r-fr,True,False,False,
04-1-075069,34.7224,307.652,1.10456,additional_hebrew_list,0.2398383279240916,False,mare,v-fr,mare,v-fr,mare,v-fr,True,False,True,
04-1-075736,35.0907,337.104,3.56372,additional_hebrew_list,0.1552227833429144,False,mare,r-fr,,,mare,r-fr,True,True,False,
04-1-075813,34.2932,342.751,1.4124,additional_hebrew_list,8.570348158979735,True,mare,v-fr,mare,r-dr,mare,r-dr,True,False,False,
04-1-076870,35.7792,343.489,1.27592,additional_hebrew_list,0.0914335966797893,False,mare,r-fr,,,mare,r-fr,True,True,False,
04-1-076980,35.4134,330.009,1.79935,additional_hebrew_list,0.0836939066112307,False,mare,v-fr,mare,r-fr,mare,r-fr,True,False,False,
04-1-077091,36.2659,322.017,4.42557,additional_hebrew_list,0.1587472425636911,False,mare,v-fr,mare,v-fr,mare,v-fr,True,False,True,
04-1-079514,36.5945,339.163,2.39467,additional_hebrew_list,0.0642387357590388,False,mare,v-fr,mare,r-fr,mare,r-fr,True,False,False,
04-1-079523,36.5134,340.849,1.20553,additional_hebrew_list,0.1254539643417927,False,mare,v-fr,mare,r-fr,mare,r-fr,True,False,False,
04-1-079697,36.5126,353.07,3.19127,additional_hebrew_list,0.1771104900138028,False,mare,v-fr,,,mare,v-fr,True,True,False,
04-1-080232,37.708,356.948,1.23194,additional_hebrew_list,3.10500427698696,True,mare,v-fr,mare,r-dr,mare,r-dr,True,False,False,
04-1-080298,37.9965,353.954,4.13097,additional_hebrew_list,0.3195944232358087,False,mare,r-fr,,,mare,r-fr,True,True,False,
04-1-080437,38.2436,345.209,1.01867,additional_hebrew_list,0.1176246611496212,False,mare,r-fr,,,mare,r-fr,True,True,False,
04-1-080460,37.8172,345.712,3.28628,additional_hebrew_list,0.1104354629972422,False,mare,r-fr,,,mare,r-fr,True,True,False,
04-1-080495,38.1669,342.676,4.21596,additional_hebrew_list,0.1376052386980802,False,mare,r-fr,,,mare,r-fr,True,True,False,
04-1-082559,38.7036,290.982,1.9454,additional_hebrew_list,0.126729775491,False,mare,v-fr,mare,r-fr,mare,r-fr,True,False,False,
04-1-083308,39.3821,346.018,3.12921,additional_hebrew_list,0.191328008072821,False,mare,r-fr,,,mare,r-fr,True,True,False,
04-1-083722,40.0239,342.066,1.00014,additional_hebrew_list,0.0955802824037617,False,mare,v-fr,mare,r-dr,mare,r-dr,True,False,True,
04-1-083792,40.072,333.74,1.24028,additional_hebrew_list,0.1190421877635274,False,mare,v-fr,mare,r-fr,mare,r-fr,True,False,False,
04-1-084307,39.6922,293.901,1.26476,additional_hebrew_list,10.369988337405282,True,mare,v-fr,mare,r-fr,mare,r-fr,True,False,False,
04-1-086106,42.2609,340.235,2.27426,additional_hebrew_list,0.1768889842493518,False,mare,v-fr,mare,r-fr,mare,r-fr,True,False,False,
04-1-089053,44.9691,288.514,1.56678,additional_hebrew_list,0.0770640361927021,False,mare,r-fr,,,mare,r-fr,True,True,False,
04-1-091060,46.2503,338.122,1.09947,additional_hebrew_list,0.049518662977733,False,mare,v-fr,mare,v-fr,mare,v-fr,True,False,True,
04-1-096297,50.425,312.272,1.20191,additional_hebrew_list,0.1280288259185359,False,mare,v-fr,mare,v-fr,mare,v-fr,True,False,True,
04-2-000460,0.949362,319.667,2.92968,additional_hebrew_list,0.1049214840140345,False,mare,v-fr,mare,r-fr,mare,r-fr,True,False,False,
04-2-001570,3.10225,281.053,2.00795,additional_hebrew_list,0.1001873592503627,False,highland,v-fr,,,highland,v-fr,True,True,False,
04-2-006824,13.1702,276.767,1.20557,additional_hebrew_list,6.432090773632706,True,highland,v-fr,highland,v-fr,highland,v-fr,True,False,True,
05-1-003088,-0.689851,329.305,1.1055,additional_hebrew_list,0.0398852696939989,False,mare,v-fr,mare,r-fr,mare,r-fr,True,False,False,
05-1-003106,-0.218271,327.606,3.4548,additional_hebrew_list,0.0674529930516028,False,mare,r-fr,,,mare,r-fr,True,True,False,
05-1-011232,-3.77507,339.429,1.18987,additional_hebrew_list,0.0826886086959721,False,mare,v-fr,mare,r-fr,mare,r-fr,True,False,False,
05-1-016159,-6.27317,339.312,1.17297,additional_hebrew_list,0.0948686177272026,False,mare,v-fr,mare,r-fr,mare,r-fr,True,False,False,
05-1-016452,-5.56062,344.715,1.34356,additional_hebrew_list,0.0809673134741228,False,mare,v-fr,,,mare,v-fr,True,True,False,
05-1-021502,-8.094,334.378,1.27578,additional_hebrew_list,0.0437358110032446,False,mare,r-fr,,,mare,r-fr,True,True,False,
05-1-021751,-8.6021,344.233,2.1143,additional_hebrew_list,0.1571547679991626,False,mare,v-fr,mare,v-fr,mare,v-fr,True,False,True,
05-1-025577,-10.419,317.121,1.91722,additional_hebrew_list,0.1449092590340436,False,mare,v-fr,mare,r-fr,mare,r-fr,True,False,False,
05-1-025699,-10.5788,330.263,1.08725,additional_hebrew_list,1.1439488506481783,False,mare,v-fr,mare,v-fr,mare,v-fr,True,False,True,
05-1-025782,-10.9375,338.445,1.88321,additional_hebrew_list,0.1783420339401814,False,mare,v-fr,mare,r-fr,mare,r-fr,True,False,False,
05-1-028845,-12.4038,287.702,1.34003,additional_hebrew_list,0.0946736529070701,False,highland,v-fr,,,highland,v-fr,True,True,False,
05-1-028951,-12.7165,291.181,1.44708,additional_hebrew_list,0.0312789842212121,False,highland,v-fr,,,highland,v-fr,True,True,False,
05-1-029868,-12.9557,332.762,1.00566,additional_hebrew_list,0.1423851737105678,False,mare,v-fr,mare,r-fr,mare,r-fr,True,False,True,
05-1-030793,-13.7518,353.843,2.0922,additional_hebrew_list,0.1572366514289352,False,mare,v-fr,mare,r-fr,mare,r-fr,True,False,True,
05-1-031771,-14.0707,311.29,1.1066,additional_hebrew_list,0.1827129332048508,False,mare,v-fr,mare,r-fr,mare,r-fr,True,False,False,
05-1-033460,-14.6272,292.854,3.01773,additional_hebrew_list,0.0785722788185121,False,highland,v-fr,,,highland,v-fr,True,True,False,
05-1-034605,-15.2822,327.54,3.20906,additional_hebrew_list,0.021139094570087,False,mare,v-fr,mare,r-fr,mare,r-fr,True,False,False,
05-1-035020,-14.5891,349.527,2.0123,additional_hebrew_list,0.1043731787467738,False,mare,v-fr,,,mare,v-fr,True,True,False,
05-1-043448,-18.7792,291.239,1.02977,additional_hebrew_list,0.0556871127589796,False,highland,v-fr,highland,v-fr,highland,v-fr,True,False,True,
05-1-043528,-18.7986,293.974,1.72324,additional_hebrew_list,0.0451138141363448,False,highland,v-fr,highland,r-fr,highland,r-fr,True,False,False,
05-1-044364,-19.6852,315.985,1.0703,additional_hebrew_list,1.5491096761340917,False,mare,v-fr,mare,v-fr,mare,v-fr,True,False,True,
05-1-046451,-20.7342,324.004,2.44566,additional_hebrew_list,0.1020566703962768,False,mare,r-fr,mare,r-fr,mare,r-fr,True,True,False,
05-1-046461,-20.6152,317.682,1.9994,additional_hebrew_list,0.1506573914728464,False,mare,r-fr,,,mare,r-fr,True,True,False,
05-1-048037,-21.0988,287.265,1.56463,additional_hebrew_list,0.0644770382734469,False,highland,v-fr,,,highland,v-fr,True,True,False,
05-1-049157,-21.9053,328.241,1.74642,additional_hebrew_list,0.0235303908632276,False,mare,v-fr,,,mare,v-fr,True,True,False,
05-1-050871,-22.884,341.043,1.48462,additional_hebrew_list,0.0591839656647978,False,mare,v-fr,mare,v-fr,mare,v-fr,True,False,True,
05-1-055924,-24.704,322.102,3.08072,additional_hebrew_list,0.0090027237342997,False,mare,v-fr,,,mare,v-fr,True,True,False,
05-1-058019,-26.6044,312.346,1.94609,additional_hebrew_list,0.1323381225845742,False,mare,v-fr,,,mare,v-fr,True,True,False,
05-1-075904,-34.7605,314.584,2.34757,additional_hebrew_list,0.0448527773002194,False,highland,r-dr,,,highland,r-dr,True,True,False,
05-1-080439,-37.4766,311.061,3.12934,additional_hebrew_list,0.0935441505112927,False,highland,r-dr,,,highland,r-dr,True,True,False,
05-1-083051,-38.853,319.993,2.38323,additional_hebrew_list,0.187427601062237,False,highland,r-dr,,,highland,r-dr,True,True,False,
05-1-083111,-37.7595,316.939,1.8011,additional_hebrew_list,0.0195380985352318,False,highland,r-dr,,,highland,r-dr,True,True,False,
05-1-083433,-37.7459,297.731,1.70786,additional_hebrew_list,0.0683367405488233,False,highland,v-fr,,,highland,v-fr,True,True,False,
05-1-085339,-39.2346,317.931,1.83127,additional_hebrew_list,0.0684199611856759,False,highland,r-dr,,,highland,r-dr,True,True,False,
05-1-087606,-40.8201,323.35,2.91773,additional_hebrew_list,0.2164212693995093,False,highland,r-dr,,,highland,r-dr,True,True,False,
05-1-088271,-40.6395,299.353,1.93901,additional_hebrew_list,0.144276032985908,False,highland,v-fr,,,highland,v-fr,True,True,False,
05-1-094941,-43.7723,325.828,2.86458,additional_hebrew_list,0.2136736408051142,False,highland,r-dr,,,highland,r-dr,True,True,False,
05-1-104994,-48.7795,333.243,3.3256,additional_hebrew_list,0.0730871548986542,False,highland,r-dr,,,highland,r-dr,True,True,False,
05-1-109648,-50.4054,332.016,1.94801,additional_hebrew_list,0.0795524848516447,False,highland,r-dr,,,highland,r-dr,True,True,False,
05-1-110492,-50.769,358.359,1.23563,additional_hebrew_list,0.1844551847631767,False,highland,v-fr,,,highland,v-fr,True,True,False,
05-1-111506,-51.8144,332.148,1.58517,additional_hebrew_list,4.946796615007304,True,highland,r-dr,highland,r-dr,highland,r-dr,True,False,True,
05-1-115608,-53.3132,345.135,1.58722,additional_hebrew_list,0.1698131786275245,False,highland,r-dr,,,highland,r-dr,True,True,False,
05-1-120236,-54.2793,352.663,1.37893,additional_hebrew_list,5.962754777642414,True,highland,v-fr,highland,v-fr,highland,v-fr,True,False,True,
05-3-013157,-23.2676,320.898,2.6379,additional_hebrew_list,0.0612239366519906,False,mare,v-fr,mare,r-fr,mare,r-fr,True,False,False,
05-3-015538,-24.2717,323.224,1.93252,additional_hebrew_list,0.0699060743004291,False,mare,r-fr,mare,r-fr,mare,r-fr,True,True,False,
05-3-016142,-24.5579,317.057,1.13329,additional_hebrew_list,0.0441666254961435,False,mare,v-fr,mare,v-fr,mare,v-fr,True,False,True,
06-1-001911,0.0395236,50.2264,3.54128,additional_hebrew_list,0.1216291499294962,False,mare,r-fr,,,mare,r-fr,True,True,False,
06-1-002584,14.5689,56.7946,2.68765,additional_hebrew_list,0.1133285157128813,False,mare,v-fr,mare,r-fr,mare,r-fr,True,False,False,
06-1-003976,2.06296,56.2965,1.40239,additional_hebrew_list,0.0509228239643833,False,mare,v-fr,mare,r-fr,mare,r-fr,True,False,False,
06-1-004199,1.71193,44.1946,1.19672,additional_hebrew_list,5.046529076609865,True,mare,v-fr,mare,r-dr,mare,r-dr,True,False,False,
06-1-010237,5.50358,28.1545,1.15801,additional_hebrew_list,0.1275715210315737,False,mare,v-fr,mare,r-fr,mare,r-fr,True,False,False,
06-1-030993,13.0365,15.8682,1.15431,additional_hebrew_list,0.1060901990457318,False,highland,v-fr,,,highland,v-fr,True,True,False,
06-1-036389,14.6915,20.5249,1.38207,additional_hebrew_list,0.2459923296606349,False,mare,v-fr,,,mare,v-fr,True,True,False,
06-1-048255,22.2511,29.2655,1.30769,additional_hebrew_list,0.0565898006738493,False,mare,r-fr,,,mare,r-fr,True,True,False,
06-1-065065,30.5488,19.6981,3.14551,additional_hebrew_list,0.0413090913101425,False,mare,r-fr,,,mare,r-fr,True,True,False,
06-1-072926,34.3083,13.0653,1.0817,additional_hebrew_list,9.047492527883811,True,mare,v-fr,mare,v-fr,mare,v-fr,True,False,True,
06-1-077037,37.3726,3.99617,2.41738,additional_hebrew_list,0.1845406170846204,False,mare,v-fr,,,mare,v-fr,True,True,False,
06-1-093164,46.7442,49.8237,3.10493,additional_hebrew_list,0.1056301253937332,False,highland,v-fr,,,highland,v-fr,True,True,False,
06-3-003874,11.6594,59.2786,1.20446,additional_hebrew_list,0.100318978169358,False,mare,v-fr,mare,v-fr,mare,v-fr,True,False,True,
06-3-006404,12.9038,62.6968,1.03821,additional_hebrew_list,0.0263811565413696,False,mare,v-fr,,,mare,v-fr,True,True,False,
06-3-007317,13.1778,60.2782,4.1823,additional_hebrew_list,0.0505129416258823,False,mare,r-fr,,,mare,r-fr,True,True,False,
06-3-015731,15.5554,61.9912,3.25744,additional_hebrew_list,0.0690157339765479,False,mare,r-fr,,,mare,r-fr,True,True,False,
06-3-020688,17.1205,64.0818,2.92566,additional_hebrew_list,0.0491629962060725,False,mare,v-fr,mare,r-fr,mare,r-fr,True,False,False,
06-3-024346,18.2964,62.6837,1.11063,additional_hebrew_list,0.0226363373191913,False,mare,v-fr,mare,v-fr,mare,v-fr,True,False,True,
06-3-030948,20.0755,51.713,1.01306,additional_hebrew_list,7.182247424093677,True,mare,v-fr,mare,v-fr,mare,v-fr,True,False,True,
06-3-054470,19.7157,24.4293,1.29327,additional_hebrew_list,0.0672650850249781,False,mare,v-fr,mare,r-fr,mare,r-fr,True,False,False,
06-3-082434,21.6587,26.9822,1.96066,additional_hebrew_list,0.0080902893022452,False,mare,v-fr,,,mare,v-fr,True,True,False,
06-3-104926,27.3053,17.4794,1.02967,additional_hebrew_list,3.1611576244468047,True,mare,v-fr,mare,v-fr,mare,v-fr,True,False,True,
07-1-007694,-1.26624,55.7589,1.00068,additional_hebrew_list,0.1089783722313071,False,mare,v-fr,,,mare,v-fr,True,True,False,
07-1-017299,-3.83468,12.1195,1.19543,additional_hebrew_list,0.053204963597726,False,highland,v-fr,,,highland,v-fr,True,True,False,
07-1-018698,-5.1165,20.6709,1.88522,additional_hebrew_list,0.0483841293595779,False,highland,v-fr,,,highland,v-fr,True,True,False,
07-1-023469,-6.17952,49.5672,1.95607,additional_hebrew_list,0.1091911200327154,False,mare,v-fr,mare,r-fr,mare,r-fr,True,False,False,
07-1-030320,-8.26146,74.6612,1.23934,additional_hebrew_list,0.0501715451122992,False,highland,v-fr,highland,v-fr,highland,v-fr,True,False,True,
07-1-041303,-11.7287,19.4286,1.07531,additional_hebrew_list,3.111771769472916,True,highland,v-fr,highland,v-fr,highland,v-fr,True,False,True,
07-1-046842,-12.535,21.1378,1.05176,additional_hebrew_list,0.051614000907622,False,highland,v-fr,highland,r-fr,highland,r-fr,True,False,False,
07-1-047301,-12.8567,12.2289,3.32601,additional_hebrew_list,0.1469540327345058,False,highland,r-dr,highland,r-fr,highland,r-fr,True,False,False,
07-1-057143,-15.9717,4.39898,1.37982,additional_hebrew_list,0.1521380677743696,False,highland,v-fr,highland,r-fr,highland,r-fr,True,False,False,
07-1-061528,-16.1756,88.6227,1.74056,additional_hebrew_list,0.1170267550480255,False,highland,v-fr,highland,r-dr,highland,r-dr,True,False,True,
07-1-091466,-24.2207,27.6544,1.43359,additional_hebrew_list,0.3150880164591352,False,highland,v-fr,highland,v-fr,highland,v-fr,True,False,True,
07-1-099645,-25.7482,27.881,2.84858,additional_hebrew_list,0.0426025574165992,False,highland,v-fr,,,highland,v-fr,True,True,False,
07-1-100947,-27.1263,3.17827,2.02177,additional_hebrew_list,0.2080508291015733,False,highland,v-fr,,,highland,v-fr,True,True,False,
07-1-109054,-29.6377,22.0556,1.92424,additional_hebrew_list,0.1029267762511016,False,highland,r-dr,,,highland,r-dr,True,True,False,
07-1-121427,-32.3686,16.2177,1.12952,additional_hebrew_list,0.1678133924074591,False,highland,r-dr,,,highland,r-dr,True,True,False,
07-1-122838,-33.7232,17.2257,1.50831,additional_hebrew_list,0.1243166133234486,False,highland,v-fr,,,highland,v-fr,True,True,False,
07-1-139311,-36.5476,23.857,1.72336,additional_hebrew_list,0.0923961338096826,False,highland,r-dr,,,highland,r-dr,True,True,False,
07-1-139360,-37.5772,23.1512,3.10313,additional_hebrew_list,0.1165133691419131,False,highland,r-dr,highland,r-fr,highland,r-fr,True,False,False,
07-1-142184,-38.0982,32.3473,1.67989,additional_hebrew_list,0.0780197274544306,False,highland,r-dr,,,highland,r-dr,True,True,False,
07-1-142874,-38.074,43.3617,1.05537,additional_hebrew_list,0.1237913135941436,False,highland,r-dr,highland,r-fr,highland,r-fr,True,False,False,
07-1-170503,-44.0935,5.77119,1.03454,additional_hebrew_list,0.0361419973245485,False,highland,v-fr,highland,r-dr,highland,r-dr,True,False,False,
07-3-000350,-1.21401,10.6954,1.07001,additional_hebrew_list,3.316079203362488,True,highland,v-fr,highland,v-dr,highland,v-dr,True,False,False,
08-1-002348,0.158747,91.5584,1.5925,additional_hebrew_list,0.0913292803060306,False,highland,v-fr,highland,r-fr,highland,r-fr,True,False,False,
08-1-016609,4.57463,101.125,3.49292,additional_hebrew_list,0.1413886560949941,False,highland,v-fr,,,highland,v-fr,True,True,False,
08-1-072680,19.3821,166.631,1.95883,additional_hebrew_list,0.1358625526783667,False,highland,v-fr,highland,v-fr,highland,v-fr,True,False,True,
08-1-089580,22.8838,137.051,1.34119,additional_hebrew_list,0.1725024066761133,False,highland,v-fr,highland,r-dr,highland,r-dr,True,False,False,
08-1-109141,26.7829,123.115,2.48446,additional_hebrew_list,0.041107253355773,False,highland,v-fr,highland,r-fr,highland,r-fr,True,False,False,
08-1-119184,28.7351,137.177,2.04023,additional_hebrew_list,0.1363145937518152,False,highland,v-fr,highland,r-dr,highland,r-dr,True,False,False,
08-1-148382,37.1038,137.655,1.22313,additional_hebrew_list,0.138523279260397,False,highland,v-fr,highland,v-fr,highland,v-fr,True,False,True,
08-1-185236,46.1875,150.706,3.20774,additional_hebrew_list,0.0904620778933643,False,highland,v-fr,,,highland,v-fr,True,True,False,
09-1-008129,-1.30264,165.113,1.93042,additional_hebrew_list,0.1182518019049753,False,highland,v-fr,highland,r-fr,highland,r-fr,True,False,False,
09-1-040713,-8.85848,160.988,1.96257,additional_hebrew_list,0.0967881508348414,False,highland,v-fr,highland,r-fr,highland,r-fr,True,False,False,
09-1-042318,-10.2512,161.997,2.95872,additional_hebrew_list,0.015356457852154,False,highland,v-fr,highland,r-fr,highland,r-fr,True,False,False,
09-1-050031,-13.1416,153.695,1.52129,additional_hebrew_list,0.0823870709900786,False,highland,v-fr,highland,r-dr,highland,r-dr,True,False,False,
09-1-051016,-12.857,137.2,1.0603,additional_hebrew_list,0.1277413705702673,False,highland,v-fr,highland,r-fr,highland,r-fr,True,False,False,
09-1-085963,-22.8794,125.123,2.12071,additional_hebrew_list,0.3325007817776717,False,highland,v-fr,highland,r-fr,highland,r-fr,True,False,True,
09-1-091333,-23.138,112.228,1.07285,additional_hebrew_list,0.0873665547938566,False,highland,v-fr,,,highland,v-fr,True,True,False,
09-1-094653,-24.3215,119.763,1.82142,additional_hebrew_list,0.1179009689707509,False,highland,v-fr,highland,r-dr,highland,r-dr,True,False,False,
09-1-095290,-24.402,136.631,1.1767,additional_hebrew_list,0.0142951249307366,False,highland,v-fr,,,highland,v-fr,True,True,False,
09-1-095418,-24.5909,138.486,1.22518,additional_hebrew_list,0.0717352686654668,False,highland,v-fr,,,highland,v-fr,True,True,False,
09-1-099813,-25.8536,131.012,1.12665,additional_hebrew_list,9.276100357176196,True,highland,v-fr,highland,r-fr,highland,r-fr,True,False,False,
09-1-135897,-35.284,167.021,2.35871,additional_hebrew_list,0.1420251142552562,False,highland,v-fr,,,highland,v-fr,True,True,False,
09-1-170985,-48.8996,121.707,3.73832,additional_hebrew_list,0.1499985623626644,False,highland,v-fr,,,highland,v-fr,True,True,False,
01-1-022087,68.4268,146.281,1.71684,manual_labels,0.0,False,highland,v-dr,,,highland,v-dr,True,True,False,
01-1-022093,68.4485,146.135,1.28765,manual_labels,0.0,False,highland,v-dr,,,highland,v-dr,True,True,False,
01-1-026369,71.0502,152.766,1.58486,manual_labels,0.0,False,highland,r-dr,,,highland,r-dr,True,True,False,
01-1-026372,71.0204,152.016,1.58247,manual_labels,0.0,False,highland,v-dr,,,highland,v-dr,True,True,False,
01-1-026376,70.9058,151.262,1.37359,manual_labels,0.0,False,highland,r-dr,,,highland,r-dr,True,True,False,
01-1-026378,70.9052,151.78,1.13217,manual_labels,0.0,False,highland,v-dr,,,highland,v-dr,True,True,False,
01-1-026382,71.0324,152.623,1.34058,manual_labels,0.0,False,highland,r-dr,,,highland,r-dr,True,True,False,
01-1-026383,71.0914,152.858,1.40751,manual_labels,0.0,False,highland,v-dr,,,highland,v-dr,True,True,False,
01-1-026384,71.042,152.914,1.63574,manual_labels,0.0,False,highland,r-dr,,,highland,r-dr,True,True,False,
01-1-026385,71.191,153.061,1.53962,manual_labels,0.0,False,highland,r-fr,,,highland,r-fr,True,True,False,
01-1-026386,71.1619,152.827,1.03316,manual_labels,0.0,False,highland,r-dr,,,highland,r-dr,True,True,False,
01-1-026388,71.1336,152.801,1.14985,manual_labels,0.0,False,highland,v-dr,,,highland,v-dr,True,True,False,
01-1-026394,71.1326,152.66,1.48037,manual_labels,0.0,False,highland,v-dr,,,highland,v-dr,True,True,False,
01-1-026402,70.7228,150.946,1.85969,manual_labels,0.0,False,highland,v-dr,,,highland,v-dr,True,True,False,
01-1-026419,70.9821,152.533,1.86547,manual_labels,0.0,False,highland,v-dr,,,highland,v-dr,True,True,False,
01-1-026514,70.6268,149.988,1.83501,manual_labels,0.0,False,highland,v-dr,,,highland,v-dr,True,True,False,
01-1-026515,70.691,150.108,2.09971,manual_labels,0.0,False,highland,v-dr,,,highland,v-dr,True,True,False,
01-1-026516,70.748,150.105,1.91364,manual_labels,0.0,False,highland,v-dr,,,highland,v-dr,True,True,False,
01-1-026517,70.6848,149.829,1.05513,manual_labels,0.0,False,highland,v-dr,,,highland,v-dr,True,True,False,
01-1-026518,70.6882,149.929,1.50451,manual_labels,0.0,False,highland,v-dr,,,highland,v-dr,True,True,False,
01-1-026519,70.6468,149.831,1.31714,manual_labels,0.0,False,highland,v-dr,,,highland,v-dr,True,True,False,
01-1-026521,70.666,150.247,1.52538,manual_labels,0.0,False,highland,r-dr,,,highland,r-dr,True,True,False,
01-1-026522,70.7273,150.302,1.95991,manual_labels,0.0,False,highland,v-dr,,,highland,v-dr,True,True,False,
01-1-026711,68.2807,144.828,2.04804,manual_labels,0.0,False,highland,v-dr,highland,r-dr,highland,r-dr,True,False,False,
01-1-026713,68.2879,145.077,1.75028,manual_labels,0.0,False,highland,v-dr,,,highland,v-dr,True,True,False,
01-1-026714,68.3526,145.278,1.34503,manual_labels,0.0,False,highland,v-dr,,,highland,v-dr,True,True,False,
01-1-026719,68.506,146.234,1.30758,manual_labels,0.0,False,highland,v-dr,,,highland,v-dr,True,True,False,
01-1-026737,68.2274,144.78,2.01366,manual_labels,0.0,False,highland,v-dr,,,highland,v-dr,True,True,False,
01-1-026752,68.1933,144.643,1.61583,manual_labels,0.0,False,highland,v-dr,,,highland,v-dr,True,True,False,
01-1-026753,68.1414,144.446,1.19753,manual_labels,0.0,False,highland,v-dr,,,highland,v-dr,True,True,False,
01-1-026870,67.6846,141.725,1.85562,manual_labels,0.0,False,highland,r-dr,,,highland,r-dr,True,True,False,
01-1-026898,67.5683,141.039,1.56087,manual_labels,0.0,False,highland,v-dr,,,highland,v-dr,True,True,False,
01-1-026959,67.5665,140.772,1.31136,manual_labels,0.0,False,highland,v-dr,,,highland,v-dr,True,True,False,
01-1-026972,67.5435,140.257,1.20853,manual_labels,0.0,False,highland,v-dr,,,highland,v-dr,True,True,False,
01-1-028095,69.9376,143.0,1.16747,manual_labels,0.0,False,highland,v-dr,,,highland,v-dr,True,True,False,
01-1-028163,69.9812,143.152,1.43867,manual_labels,0.0,False,highland,v-dr,,,highland,v-dr,True,True,False,
01-1-028165,70.0707,142.97,1.01244,manual_labels,0.0,False,highland,v-dr,,,highland,v-dr,True,True,False,
01-1-028172,70.0781,143.797,1.57458,manual_labels,0.0,False,highland,v-dr,,,highland,v-dr,True,True,False,
01-1-028178,69.9763,145.186,1.31988,manual_labels,0.0,False,highland,v-dr,,,highland,v-dr,True,True,False,
01-1-028179,70.0652,145.31,1.3903,manual_labels,0.0,False,highland,v-dr,,,highland,v-dr,True,True,False,
01-1-028183,70.0117,144.963,1.45624,manual_labels,0.0,False,highland,v-dr,,,highland,v-dr,True,True,False,
01-1-028184,69.9712,145.022,1.05596,manual_labels,0.0,False,highland,v-dr,,,highland,v-dr,True,True,False,
01-1-028186,70.1537,145.526,2.12939,manual_labels,0.0,False,highland,v-dr,,,highland,v-dr,True,True,False,
01-1-028188,69.9153,144.146,1.01287,manual_labels,0.0,False,highland,v-dr,,,highland,v-dr,True,True,False,
01-1-028201,70.1309,143.621,1.17508,manual_labels,0.0,False,highland,v-dr,,,highland,v-dr,True,True,False,
01-1-028202,69.9907,142.98,1.1299,manual_labels,0.0,False,highland,v-dr,,,highland,v-dr,True,True,False,
01-1-028209,70.064,143.662,1.08717,manual_labels,0.0,False,highland,v-dr,,,highland,v-dr,True,True,False,
01-1-028221,70.3228,144.888,1.10084,manual_labels,0.0,False,highland,v-dr,,,highland,v-dr,True,True,False,
01-1-028224,70.3608,144.699,1.01364,manual_labels,0.0,False,highland,v-dr,,,highland,v-dr,True,True,False,
01-1-028226,70.4029,144.51,1.16274,manual_labels,0.0,False,highland,v-dr,,,highland,v-dr,True,True,False,
01-1-028227,70.4248,144.721,1.65528,manual_labels,0.0,False,highland,v-dr,,,highland,v-dr,True,True,False,
01-1-028228,70.5059,144.716,2.11899,manual_labels,0.0,False,highland,r-dr,,,highland,r-dr,True,True,False,
01-1-028239,70.2386,146.736,1.55459,manual_labels,0.0,False,highland,v-dr,,,highland,v-dr,True,True,False,
01-1-028276,70.1834,146.768,1.60213,manual_labels,0.0,False,highland,v-dr,,,highland,v-dr,True,True,False,
01-1-028278,70.7374,147.058,1.43794,manual_labels,0.0,False,highland,v-dr,,,highland,v-dr,True,True,False,
01-1-028286,70.4195,148.594,1.93555,manual_labels,0.0,False,highland,r-dr,,,highland,r-dr,True,True,False,
01-1-028289,70.549,148.663,1.73452,manual_labels,0.0,False,highland,v-dr,,,highland,v-dr,True,True,False,
01-1-028290,70.5179,148.785,1.45863,manual_labels,0.0,False,highland,v-dr,,,highland,v-dr,True,True,False,
01-1-028296,70.3456,147.246,1.44749,manual_labels,0.0,False,highland,v-dr,,,highland,v-dr,True,True,False,
01-1-028303,70.3503,145.675,1.82919,manual_labels,0.0,False,highland,r-dr,,,highland,r-dr,True,True,False,
01-1-028304,70.4399,145.39,1.17347,manual_labels,0.0,False,highland,v-dr,,,highland,v-dr,True,True,False,
01-1-028307,70.4075,145.314,1.03784,manual_labels,0.0,False,highland,v-dr,,,highland,v-dr,True,True,False,
01-1-028308,70.38,145.323,1.24192,manual_labels,0.0,False,highland,v-dr,,,highland,v-dr,True,True,False,
01-1-028311,70.5108,145.67,1.52907,manual_labels,0.0,False,highland,v-dr,,,highland,v-dr,True,True,False,
01-1-028323,70.5654,145.815,1.02005,manual_labels,0.0,False,highland,v-dr,,,highland,v-dr,True,True,False,
01-1-028327,70.7655,148.172,2.04881,manual_labels,0.0,False,highland,v-dr,,,highland,v-dr,True,True,False,
01-1-028328,70.803,147.917,1.18278,manual_labels,0.0,False,highland,v-dr,,,highland,v-dr,True,True,False,
01-1-028329,70.9565,147.491,1.55751,manual_labels,0.0,False,highland,v-dr,highland,r-dr,highland,r-dr,True,False,False,
01-1-028331,70.9222,147.603,1.00891,manual_labels,0.0,False,highland,v-dr,,,highland,v-dr,True,True,False,
01-1-028332,70.9011,147.672,1.81319,manual_labels,0.0,False,highland,v-dr,,,highland,v-dr,True,True,False,
01-1-028333,70.9374,147.123,1.50851,manual_labels,0.0,False,highland,v-dr,,,highland,v-dr,True,True,False,
01-1-028336,70.8585,147.168,1.32135,manual_labels,0.0,False,highland,v-dr,,,highland,v-dr,True,True,False,
01-1-028338,70.6989,145.806,1.33149,manual_labels,0.0,False,highland,v-dr,,,highland,v-dr,True,True,False,
01-1-028356,70.5547,144.466,1.42055,manual_labels,0.0,False,highland,v-dr,,,highland,v-dr,True,True,False,
01-1-028358,70.6962,145.609,1.05112,manual_labels,0.0,False,highland,v-dr,,,highland,v-dr,True,True,False,
01-1-028360,70.6177,145.608,1.52287,manual_labels,0.0,False,highland,r-dr,,,highland,r-dr,True,True,False,
01-1-028363,70.5463,144.318,1.54334,manual_labels,0.0,False,highland,v-dr,,,highland,v-dr,True,True,False,
01-1-028380,69.9642,144.247,1.99174,manual_labels,0.0,False,highland,v-dr,,,highland,v-dr,True,True,False,
01-1-028385,70.7633,148.721,1.11769,manual_labels,0.0,False,highland,v-dr,highland,v-dr,highland,v-dr,True,False,True,next to a very fresh crater
01-1-028388,70.8619,149.127,1.22548,manual_labels,0.0,False,highland,v-dr,highland,v-dr,highland,v-dr,True,False,True,
01-1-028395,70.9298,149.959,1.04146,manual_labels,0.0,False,highland,r-dr,,,highland,r-dr,True,True,False,
01-1-028396,70.9807,149.978,2.23734,manual_labels,0.0,False,highland,r-dr,,,highland,r-dr,True,True,False,
01-1-028402,70.875,149.721,1.11035,manual_labels,0.0,False,highland,v-dr,,,highland,v-dr,True,True,False,
01-1-028405,70.6304,149.158,2.00108,manual_labels,0.0,False,highland,v-dr,,,highland,v-dr,True,True,False,
01-1-028407,70.5669,149.351,1.57353,manual_labels,0.0,False,highland,v-dr,,,highland,v-dr,True,True,False,
01-1-028410,70.5611,148.807,1.22539,manual_labels,0.0,False,highland,v-dr,,,highland,v-dr,True,True,False,
01-1-028411,70.5533,148.942,1.43184,manual_labels,0.0,False,highland,v-dr,,,highland,v-dr,True,True,False,
01-1-028413,70.5053,148.939,1.5425,manual_labels,0.0,False,highland,v-dr,,,highland,v-dr,True,True,False,
01-1-028420,70.8503,148.175,1.43348,manual_labels,0.0,False,highland,v-dr,,,highland,v-dr,True,True,False,
01-1-028422,70.9382,149.43,1.31165,manual_labels,0.0,False,highland,v-dr,,,highland,v-dr,True,True,False,
01-1-028423,70.9695,149.406,1.14951,manual_labels,0.0,False,highland,v-dr,,,highland,v-dr,True,True,False,
01-1-028427,71.0605,149.494,1.64809,manual_labels,0.0,False,highland,v-dr,,,highland,v-dr,True,True,False,
01-1-028430,70.9968,148.803,1.13494,manual_labels,0.0,False,highland,v-dr,,,highland,v-dr,True,True,False,
01-1-028431,71.0466,148.762,1.35335,manual_labels,0.0,False,highland,v-dr,,,highland,v-dr,True,True,False,
01-1-028489,71.0138,148.523,1.11822,manual_labels,0.0,False,highland,v-dr,,,highland,v-dr,True,True,False,
01-1-028490,70.9104,148.546,1.11657,manual_labels,0.0,False,highland,v-dr,,,highland,v-dr,True,True,False,
01-1-028491,71.2082,150.075,1.59423,manual_labels,0.0,False,highland,v-dr,,,highland,v-dr,True,True,False,
01-1-028492,71.0981,150.337,1.61408,manual_labels,0.0,False,highland,v-dr,highland,v-dr,highland,v-dr,True,False,True,
01-1-028493,71.129,150.242,1.01034,manual_labels,0.0,False,highland,v-dr,,,highland,v-dr,True,True,False,
01-1-028495,71.1668,150.384,1.44517,manual_labels,0.0,False,highland,r-dr,,,highland,r-dr,True,True,False,
01-1-028503,71.0958,150.558,1.16238,manual_labels,0.0,False,highland,v-dr,,,highland,v-dr,True,True,False,
01-1-028504,71.1119,150.691,1.17027,manual_labels,0.0,False,highland,v-dr,,,highland,v-dr,True,True,False,
01-1-028505,71.1359,150.786,1.60513,manual_labels,0.0,False,highland,v-dr,highland,r-dr,highland,r-dr,True,False,False,
01-1-028512,70.9414,149.579,1.66587,manual_labels,0.0,False,highland,r-dr,,,highland,r-dr,True,True,False,
01-1-028513,70.956,149.747,2.01107,manual_labels,0.0,False,highland,r-dr,,,highland,r-dr,True,True,False,
01-1-028514,70.9055,149.624,1.00873,manual_labels,0.0,False,highland,v-dr,,,highland,v-dr,True,True,False,
01-1-028515,71.227,150.884,1.88827,manual_labels,0.0,False,highland,r-dr,,,highland,r-dr,True,True,False,
01-1-029415,72.7817,201.195,1.31967,manual_labels,0.0,False,highland,v-dr,,,highland,v-dr,True,True,False,
01-1-031989,73.4011,208.297,1.3641,manual_labels,0.0,False,highland,v-dr,,,highland,v-dr,True,True,False,
01-1-032101,72.9485,203.221,1.46041,manual_labels,0.0,False,highland,v-dr,,,highland,v-dr,True,True,False,
01-1-032111,72.9985,203.786,1.25738,manual_labels,0.0,False,highland,v-dr,,,highland,v-dr,True,True,False,
01-1-032116,73.0489,204.328,1.1063,manual_labels,0.0,False,highland,v-dr,,,highland,v-dr,True,True,False,
01-1-033192,70.3319,143.505,1.15055,manual_labels,0.0,False,highland,v-dr,,,highland,v-dr,True,True,False,
01-1-033193,70.1999,143.325,1.8624,manual_labels,0.0,False,highland,v-dr,,,highland,v-dr,True,True,False,
01-1-033195,70.319,142.928,1.44266,manual_labels,0.0,False,highland,r-dr,highland,v-dr,highland,v-dr,True,False,False,
01-1-033248,70.2092,142.708,1.52287,manual_labels,0.0,False,highland,r-dr,highland,v-dr,highland,v-dr,True,False,False,
01-1-033249,70.2208,142.575,1.14818,manual_labels,0.0,False,highland,r-fr,highland,v-dr,highland,v-dr,True,False,False,
01-1-033253,70.1473,143.441,1.65038,manual_labels,0.0,False,highland,v-dr,,,highland,v-dr,True,True,False,
01-1-033254,70.0804,141.939,1.92207,manual_labels,0.0,False,highland,r-fr,highland,r-fr,highland,r-fr,True,False,True,
01-1-033255,70.0812,142.076,1.65409,manual_labels,0.0,False,highland,r-dr,highland,v-dr,highland,v-dr,True,False,False,
01-1-033256,70.1162,141.84,1.0608,manual_labels,0.0,False,highland,v-dr,,,highland,v-dr,True,True,False,
01-1-033258,70.118,141.613,1.38881,manual_labels,0.0,False,highland,v-dr,,,highland,v-dr,True,True,False,
01-1-033259,70.162,141.591,1.31319,manual_labels,0.0,False,highland,v-dr,,,highland,v-dr,True,True,False,
01-1-033356,70.036,141.934,1.42516,manual_labels,0.0,False,highland,v-dr,,,highland,v-dr,True,True,False,
01-1-033357,69.994,141.899,1.04531,manual_labels,0.0,False,highland,r-dr,highland,v-dr,highland,v-dr,True,False,False,
01-1-033358,69.9519,141.85,1.0861,manual_labels,0.0,False,highland,v-dr,,,highland,v-dr,True,True,False,
01-1-033359,69.9731,141.729,1.18961,manual_labels,0.0,False,highland,v-dr,,,highland,v-dr,True,True,False,
01-1-033364,70.006,142.193,1.94264,manual_labels,0.0,False,highland,v-dr,,,highland,v-dr,True,True,False,
01-1-033376,70.3093,143.601,1.0256,manual_labels,0.0,False,highland,v-dr,,,highland,v-dr,True,True,False,
01-1-036474,73.4411,208.751,1.14124,manual_labels,0.0,False,highland,v-dr,,,highland,v-dr,True,True,False,
01-1-036512,73.6376,210.749,1.37145,manual_labels,0.0,False,highland,v-dr,,,highland,v-dr,True,True,False,
01-2-028042,70.8433,150.539,1.33147,manual_labels,0.0,False,highland,r-dr,highland,v-dr,highland,v-dr,True,False,False,
02-1-051176,13.7131,203.134,1.37287,manual_labels,0.0,False,highland,r-dr,,,highland,r-dr,True,True,False,
02-1-051202,13.917,203.441,1.08386,manual_labels,0.0,False,highland,r-dr,,,highland,r-dr,True,True,False,
02-1-051337,14.4552,203.964,1.11529,manual_labels,0.0,False,highland,r-fr,highland,r-fr,highland,r-fr,True,False,True,
02-1-051338,14.4247,203.974,1.46622,manual_labels,0.0,False,highland,v-fr,highland,v-fr,highland,v-fr,True,False,True,
02-1-057659,15.7116,190.443,1.288,manual_labels,0.0,False,highland,r-dr,highland,v-dr,highland,v-dr,True,False,False,
02-1-057662,15.8113,190.457,1.01204,manual_labels,0.0,False,highland,v-dr,highland,v-dr,highland,v-dr,True,True,False,
02-1-066975,18.8066,181.438,1.60852,manual_labels,0.0,False,highland,r-dr,highland,v-dr,highland,v-dr,True,False,False,
02-1-066978,18.6034,181.315,1.57671,manual_labels,0.0,False,highland,v-dr,,,highland,v-dr,True,True,False,
02-1-066983,18.6308,181.398,1.19997,manual_labels,0.0,False,highland,r-dr,,,highland,r-dr,True,True,False,
02-1-066984,18.6075,181.446,1.20968,manual_labels,0.0,False,highland,v-dr,,,highland,v-dr,True,True,False,
02-1-066986,18.5536,181.418,1.40102,manual_labels,0.0,False,highland,r-dr,,,highland,r-dr,True,True,False,
02-1-066987,18.6009,181.488,1.05008,manual_labels,0.0,False,highland,v-dr,,,highland,v-dr,True,True,False,
03-1-066499,-22.1663,181.765,1.01376,manual_labels,0.0,False,highland,v-dr,,,highland,v-dr,True,True,False,
03-1-066523,-22.1423,181.872,1.29798,manual_labels,0.0,False,highland,v-dr,,,highland,v-dr,True,True,False,
03-1-154421,-57.4631,202.063,1.19759,manual_labels,0.0,False,highland,r-fr,highland,r-dr,highland,r-dr,True,False,False,
03-1-155874,-57.5564,202.235,1.28472,manual_labels,0.0,False,highland,v-dr,,,highland,v-dr,True,True,False,
03-1-155875,-57.4955,202.181,1.09487,manual_labels,0.0,False,highland,v-dr,,,highland,v-dr,True,True,False,
04-1-012048,7.74578,344.403,1.23185,manual_labels,0.0,False,mare,v-dr,,,mare,v-dr,True,True,False,
04-1-014488,8.78176,344.496,1.21368,manual_labels,0.0,False,mare,v-dr,,,mare,v-dr,True,True,False,
04-1-015392,9.1016,344.415,1.08,manual_labels,0.0,False,mare,v-fr,mare,v-fr,mare,v-fr,True,False,True,
04-1-022601,13.6419,343.439,1.07532,manual_labels,0.0,False,mare,v-dr,,,mare,v-dr,True,True,False,
04-1-027131,16.5921,347.368,1.44214,manual_labels,0.0,False,mare,r-fr,mare,r-dr,mare,r-dr,True,False,False,
04-1-027148,16.7293,346.917,1.1171,manual_labels,0.0,False,mare,v-dr,,,mare,v-dr,True,True,False,
04-1-027151,16.5907,346.917,1.53202,manual_labels,0.0,False,mare,v-dr,,,mare,v-dr,True,True,False,
04-1-027152,16.534,346.934,1.17018,manual_labels,0.0,False,mare,v-dr,,,mare,v-dr,True,True,False,
04-1-027255,17.1823,345.878,1.22837,manual_labels,0.0,False,mare,r-fr,mare,r-fr,mare,r-fr,True,True,False,not centered
04-1-027323,16.4464,346.328,1.1025,manual_labels,0.0,False,mare,v-fr,mare,v-fr,mare,v-fr,True,True,False,not centered
04-1-031814,18.0436,347.544,1.10051,manual_labels,0.0,False,mare,v-dr,,,mare,v-dr,True,True,False,
04-1-059440,28.1843,344.627,1.29725,manual_labels,0.0,False,mare,v-dr,,,mare,v-dr,True,True,False,
04-1-059442,28.1584,344.685,1.58931,manual_labels,0.0,False,mare,v-dr,,,mare,v-dr,True,True,False,
04-1-059517,28.3923,345.249,1.09964,manual_labels,0.0,False,mare,v-dr,,,mare,v-dr,True,True,False,
04-2-004381,8.8263,344.496,1.22548,manual_labels,0.0,False,mare,v-dr,,,mare,v-dr,True,True,False,
04-2-009200,16.5139,346.912,1.21116,manual_labels,0.0,False,mare,v-dr,,,mare,v-dr,True,True,False,
04-2-009225,16.3315,346.355,1.08024,manual_labels,0.0,False,mare,v-fr,mare,v-fr,mare,v-fr,True,False,True,"real one here: 16.34990, 346.35645"
04-2-009284,15.6496,344.593,1.08037,manual_labels,0.0,False,mare,v-dr,,,mare,v-dr,True,True,False,
06-1-100265,50.2573,9.61379,1.08074,manual_labels,0.0,False,mare,r-dr,,,mare,r-dr,True,True,False,
06-1-105205,50.3746,23.0086,1.32835,manual_labels,0.0,False,mare,r-dr,mare,r-dr,mare,r-dr,True,False,True,
06-1-105206,50.4139,23.0389,1.37455,manual_labels,0.0,False,mare,v-dr,,,mare,v-dr,True,True,False,
06-1-105207,50.4826,23.1067,1.98144,manual_labels,0.0,False,mare,r-fr,mare,r-dr,mare,r-dr,True,False,False,
06-1-105208,50.4997,23.0604,1.5148,manual_labels,0.0,False,mare,v-dr,mare,v-dr,mare,v-dr,True,False,True,
06-1-105213,50.4678,22.6069,1.46156,manual_labels,0.0,False,mare,v-dr,,,mare,v-dr,True,True,False,
06-1-105216,50.538,22.6387,1.33529,manual_labels,0.0,False,mare,v-dr,,,mare,v-dr,True,True,False,
06-1-105218,50.3363,22.6377,1.82783,manual_labels,0.0,False,mare,v-dr,,,mare,v-dr,True,True,False,
06-1-105235,50.8592,23.4004,1.86702,manual_labels,0.0,False,mare,v-fr,mare,v-dr,mare,v-dr,True,False,False,
06-1-105236,50.8574,23.241,1.44277,manual_labels,0.0,False,mare,r-dr,,,mare,r-dr,True,True,False,
06-1-105237,50.7883,23.1558,1.49681,manual_labels,0.0,False,mare,v-dr,,,mare,v-dr,True,True,False,
06-1-105238,50.8063,23.1059,1.73147,manual_labels,0.0,False,mare,v-dr,,,mare,v-dr,True,True,False,
06-1-105239,50.8405,22.9924,1.99876,manual_labels,0.0,False,mare,r-dr,,,mare,r-dr,True,True,False,
06-1-105240,50.77,23.0383,1.71659,manual_labels,0.0,False,mare,r-dr,,,mare,r-dr,True,True,False,
06-1-105242,50.6431,23.0452,1.12853,manual_labels,0.0,False,mare,v-dr,,,mare,v-dr,True,True,False,
06-1-105244,50.7403,22.7691,1.91508,manual_labels,0.0,False,mare,v-dr,,,mare,v-dr,True,True,False,
06-1-105249,50.6308,23.2275,1.03745,manual_labels,0.0,False,mare,v-dr,,,mare,v-dr,True,True,False,
06-1-105255,50.6337,22.5807,1.54789,manual_labels,0.0,False,mare,r-dr,mare,v-dr,mare,v-dr,True,False,False,
06-1-105256,50.6957,22.5923,1.37062,manual_labels,0.0,False,mare,v-dr,,,mare,v-dr,True,True,False,
06-1-105462,50.1296,11.4733,1.02378,manual_labels,0.0,False,mare,r-dr,,,mare,r-dr,True,True,False,
06-1-105482,50.2767,10.8653,1.47302,manual_labels,0.0,False,mare,v-dr,,,mare,v-dr,True,True,False,
06-1-105494,50.4106,11.0624,1.06851,manual_labels,0.0,False,mare,v-dr,,,mare,v-dr,True,True,False,
06-1-105495,50.397,11.2743,1.04515,manual_labels,0.0,False,mare,r-dr,,,mare,r-dr,True,True,False,
06-1-105555,50.3568,9.63358,1.01558,manual_labels,0.0,False,mare,v-dr,,,mare,v-dr,True,True,False,
06-1-105579,50.412,9.92732,1.75992,manual_labels,0.0,False,mare,r-dr,,,mare,r-dr,True,True,False,
06-1-105586,50.7614,9.76866,1.02979,manual_labels,0.0,False,mare,v-dr,,,mare,v-dr,True,True,False,
06-1-106204,51.0024,10.0116,1.16173,manual_labels,0.0,False,mare,v-dr,,,mare,v-dr,True,True,False,
06-1-106205,51.0185,9.94677,1.79883,manual_labels,0.0,False,mare,r-dr,,,mare,r-dr,True,True,False,
06-1-106224,51.406,9.92093,1.57887,manual_labels,0.0,False,mare,v-dr,,,mare,v-dr,True,True,False,
06-1-106230,51.7072,9.87229,1.63445,manual_labels,0.0,False,mare,r-fr,,,mare,r-fr,True,True,False,
06-1-106259,50.9025,11.0722,1.17172,manual_labels,0.0,False,mare,r-dr,,,mare,r-dr,True,True,False,
06-1-106260,50.9476,11.137,1.01408,manual_labels,0.0,False,mare,v-dr,,,mare,v-dr,True,True,False,
06-1-106261,50.9426,11.227,1.58564,manual_labels,0.0,False,mare,v-dr,,,mare,v-dr,True,True,False,
06-1-106267,51.0766,11.0396,1.13084,manual_labels,0.0,False,mare,v-dr,,,mare,v-dr,True,True,False,
06-1-106275,51.4621,11.4921,1.92395,manual_labels,0.0,False,mare,v-dr,,,mare,v-dr,True,True,False,
06-1-106280,51.6774,11.8182,1.53115,manual_labels,0.0,False,mare,v-dr,,,mare,v-dr,True,True,False,
06-1-106282,51.7333,11.7895,1.38013,manual_labels,0.0,False,mare,v-dr,,,mare,v-dr,True,True,False,
06-1-106283,51.9111,11.7164,1.42014,manual_labels,0.0,False,mare,r-dr,,,mare,r-dr,True,True,False,
06-1-106285,51.903,11.7885,1.51378,manual_labels,0.0,False,mare,v-dr,,,mare,v-dr,True,True,False,
06-1-106309,51.6897,11.7108,1.18044,manual_labels,0.0,False,mare,v-dr,,,mare,v-dr,True,True,False,
06-1-106310,51.646,11.6815,1.53055,manual_labels,0.0,False,mare,v-dr,,,mare,v-dr,True,True,False,
06-1-106476,51.1101,22.8553,1.13008,manual_labels,0.0,False,mare,v-dr,,,mare,v-dr,True,True,False,
06-1-106504,50.8722,23.1737,1.48759,manual_labels,0.0,False,mare,v-dr,,,mare,v-dr,True,True,False,
06-1-106506,50.8122,23.227,1.12207,manual_labels,0.0,False,mare,v-dr,,,mare,v-dr,True,True,False,
06-1-106528,51.0868,23.4614,1.03069,manual_labels,0.0,False,mare,v-dr,,,mare,v-dr,True,True,False,
06-1-106531,50.9624,23.3766,1.39107,manual_labels,0.0,False,mare,v-dr,,,mare,v-dr,True,True,False,
06-1-106532,50.931,23.3908,1.62418,manual_labels,0.0,False,mare,v-dr,,,mare,v-dr,True,True,False,
06-1-106537,51.1147,23.2562,1.17164,manual_labels,0.0,False,mare,r-dr,mare,v-dr,mare,v-dr,True,False,False,not centered
06-1-106538,51.1174,23.2168,1.24949,manual_labels,0.0,False,mare,r-dr,mare,v-dr,mare,v-dr,True,False,False,
06-1-106540,51.2237,23.1034,1.06672,manual_labels,0.0,False,mare,v-dr,,,mare,v-dr,True,True,False,
06-1-106542,51.2447,23.0197,1.59891,manual_labels,0.0,False,mare,r-dr,mare,v-dr,mare,v-dr,True,False,False,
06-1-106556,51.4327,23.4943,1.52727,manual_labels,0.0,False,mare,v-dr,,,mare,v-dr,True,True,False,
06-1-106578,51.5015,23.2597,1.26215,manual_labels,0.0,False,mare,v-dr,,,mare,v-dr,True,True,False,
06-1-106581,51.4621,23.1696,1.32326,manual_labels,0.0,False,mare,v-dr,,,mare,v-dr,True,True,False,
06-1-106585,51.5549,22.9759,1.06829,manual_labels,0.0,False,mare,v-dr,,,mare,v-dr,True,True,False,
06-1-106586,51.6731,22.8883,1.57845,manual_labels,0.0,False,mare,v-dr,,,mare,v-dr,True,True,False,
06-1-106587,51.6923,22.7935,1.31414,manual_labels,0.0,False,mare,v-dr,,,mare,v-dr,True,True,False,
06-1-106588,51.6556,22.7616,1.32894,manual_labels,0.0,False,mare,r-dr,mare,v-dr,mare,v-dr,True,False,True,
06-1-106592,51.8807,22.9819,1.64354,manual_labels,0.0,False,mare,r-dr,,,mare,r-dr,True,True,False,
06-1-106593,51.8531,23.0346,1.30796,manual_labels,0.0,False,mare,v-dr,mare,v-dr,mare,v-dr,True,False,True,
06-1-106596,51.7484,22.9558,1.42375,manual_labels,0.0,False,mare,v-dr,,,mare,v-dr,True,True,False,
06-1-106597,51.8102,23.1618,2.04018,manual_labels,0.0,False,mare,v-dr,,,mare,v-dr,True,True,False,
06-1-106598,51.708,23.2743,1.13569,manual_labels,0.0,False,mare,v-dr,,,mare,v-dr,True,True,False,
06-1-106599,51.6717,23.2836,1.55634,manual_labels,0.0,False,mare,v-dr,,,mare,v-dr,True,True,False,
06-1-106602,51.9511,23.668,1.17338,manual_labels,0.0,False,mare,v-dr,,,mare,v-dr,True,True,False,
06-1-106605,51.9656,23.4741,1.12006,manual_labels,0.0,False,mare,v-dr,,,mare,v-dr,True,True,False,
06-1-106607,52.081,23.1315,1.79983,manual_labels,0.0,False,mare,v-dr,,,mare,v-dr,True,True,False,
06-1-106608,52.0615,23.1693,1.46014,manual_labels,0.0,False,mare,v-dr,,,mare,v-dr,True,True,False,
06-1-106609,51.9894,23.0751,1.06657,manual_labels,0.0,False,mare,v-dr,,,mare,v-dr,True,True,False,
06-1-106620,52.1984,23.0602,1.26198,manual_labels,0.0,False,mare,v-dr,,,mare,v-dr,True,True,False,
06-1-106621,52.2989,23.2071,1.80156,manual_labels,0.0,False,mare,v-dr,,,mare,v-dr,True,True,False,
06-1-106622,52.2752,23.3033,1.44347,manual_labels,0.0,False,mare,v-dr,,,mare,v-dr,True,True,False,
06-1-106623,52.3219,23.3263,1.38842,manual_labels,0.0,False,mare,v-dr,,,mare,v-dr,True,True,False,
06-1-106624,52.357,23.3466,1.34379,manual_labels,0.0,False,mare,v-dr,,,mare,v-dr,True,True,False,
06-1-106628,52.2285,23.7327,1.03346,manual_labels,0.0,False,mare,v-dr,,,mare,v-dr,True,True,False,
06-1-106630,52.2338,23.7769,1.03872,manual_labels,0.0,False,mare,v-dr,,,mare,v-dr,True,True,False,
06-1-106632,52.1493,23.8026,1.47494,manual_labels,0.0,False,mare,v-dr,,,mare,v-dr,True,True,False,
06-1-106635,52.1875,24.0846,1.47285,manual_labels,0.0,False,mare,r-fr,mare,r-dr,mare,r-dr,True,False,False,
06-1-106636,52.1917,24.2328,1.05877,manual_labels,0.0,False,mare,v-dr,,,mare,v-dr,True,True,False,
06-1-106643,51.9867,24.0678,1.47439,manual_labels,0.0,False,mare,v-dr,,,mare,v-dr,True,True,False,
06-1-106644,52.0254,24.0214,1.35879,manual_labels,0.0,False,mare,r-dr,,,mare,r-dr,True,True,False,
06-1-106647,52.147,24.1285,2.04437,manual_labels,0.0,False,mare,v-dr,,,mare,v-dr,True,True,False,
06-1-106655,51.9409,24.0575,1.18404,manual_labels,0.0,False,mare,v-dr,,,mare,v-dr,True,True,False,
06-1-110306,52.4297,24.5711,1.46465,manual_labels,0.0,False,mare,v-dr,,,mare,v-dr,True,True,False,
06-1-110308,52.4177,24.4927,1.32572,manual_labels,0.0,False,mare,v-dr,,,mare,v-dr,True,True,False,
06-1-110328,52.6367,24.6035,1.05501,manual_labels,0.0,False,mare,v-dr,,,mare,v-dr,True,True,False,
06-1-110354,52.641,24.1306,1.16154,manual_labels,0.0,False,mare,v-dr,,,mare,v-dr,True,True,False,
06-1-110360,52.3651,23.5936,1.10206,manual_labels,0.0,False,mare,r-fr,,,mare,r-fr,True,True,False,
06-1-110361,52.6482,23.7165,1.08281,manual_labels,0.0,False,mare,v-dr,,,mare,v-dr,True,True,False,
06-1-110362,52.5935,23.5774,1.17003,manual_labels,0.0,False,mare,v-dr,,,mare,v-dr,True,True,False,
06-1-110363,52.6005,23.5414,1.04225,manual_labels,0.0,False,mare,v-dr,,,mare,v-dr,True,True,False,
06-1-110366,52.7019,23.7524,1.67083,manual_labels,0.0,False,mare,v-dr,,,mare,v-dr,True,True,False,
06-1-110367,52.7132,23.8697,1.05364,manual_labels,0.0,False,mare,v-fr,mare,r-fr,mare,r-fr,True,False,False,
06-1-110377,52.5076,23.3127,1.22106,manual_labels,0.0,False,mare,v-dr,,,mare,v-dr,True,True,False,
06-1-110378,52.4794,23.2705,1.48422,manual_labels,0.0,False,mare,v-dr,,,mare,v-dr,True,True,False,
06-1-110379,52.4466,23.2737,1.72038,manual_labels,0.0,False,mare,v-dr,,,mare,v-dr,True,True,False,
06-1-110401,52.7714,22.1143,1.82648,manual_labels,0.0,False,mare,v-dr,,,mare,v-dr,True,True,False,
06-1-110419,52.8812,22.096,1.18678,manual_labels,0.0,False,mare,v-dr,,,mare,v-dr,True,True,False,
06-1-110420,52.837,22.0691,1.28635,manual_labels,0.0,False,mare,v-dr,,,mare,v-dr,True,True,False,
06-1-110421,52.7851,22.0346,1.66863,manual_labels,0.0,False,mare,v-dr,,,mare,v-dr,True,True,False,
06-1-110425,52.953,22.0318,1.32417,manual_labels,0.0,False,mare,r-dr,mare,v-dr,mare,v-dr,True,False,False,
06-1-110427,53.0443,21.9464,1.8001,manual_labels,0.0,False,mare,v-dr,,,mare,v-dr,True,True,False,
06-1-110432,52.9008,21.8019,1.49604,manual_labels,0.0,False,mare,v-dr,,,mare,v-dr,True,True,False,
06-1-110433,52.8537,21.8494,1.00609,manual_labels,0.0,False,mare,v-dr,,,mare,v-dr,True,True,False,
06-1-110445,52.822,21.4072,1.43321,manual_labels,0.0,False,mare,v-dr,,,mare,v-dr,True,True,False,
06-1-110452,53.122,22.1054,1.7004,manual_labels,0.0,False,mare,v-dr,,,mare,v-dr,True,True,False,
06-1-110454,53.2389,22.2064,1.2533,manual_labels,0.0,False,mare,v-dr,,,mare,v-dr,True,True,False,
06-1-110456,53.1889,22.415,1.00318,manual_labels,0.0,False,mare,r-dr,,,mare,r-dr,True,True,False,
06-1-110458,53.3075,22.3513,1.78296,manual_labels,0.0,False,mare,r-dr,,,mare,r-dr,True,True,False,
06-1-110459,53.3773,22.3308,1.71922,manual_labels,0.0,False,mare,v-dr,,,mare,v-dr,True,True,False,
06-1-110460,53.4265,22.3609,1.79028,manual_labels,0.0,False,mare,v-dr,,,mare,v-dr,True,True,False,
06-1-110461,53.4679,22.4101,1.05839,manual_labels,0.0,False,mare,v-dr,,,mare,v-dr,True,True,False,
06-1-110462,53.5177,22.4313,1.66709,manual_labels,0.0,False,mare,r-dr,,,mare,r-dr,True,True,False,
06-1-110463,53.4594,21.9976,1.31682,manual_labels,0.0,False,mare,r-dr,,,mare,r-dr,True,True,False,
06-1-110785,52.0424,11.9275,1.31712,manual_labels,0.0,False,mare,v-dr,,,mare,v-dr,True,True,False,
06-1-110829,52.1662,10.2427,1.71589,manual_labels,0.0,False,mare,v-dr,,,mare,v-dr,True,True,False,
06-1-110848,52.6741,10.2306,1.06571,manual_labels,0.0,False,mare,v-dr,,,mare,v-dr,True,True,False,
06-1-110850,52.5017,10.3383,1.40518,manual_labels,0.0,False,mare,v-dr,,,mare,v-dr,True,True,False,
06-1-110852,52.5051,10.2581,1.29512,manual_labels,0.0,False,mare,v-dr,,,mare,v-dr,True,True,False,
06-1-110874,52.7475,10.0796,1.58341,manual_labels,0.0,False,mare,v-dr,,,mare,v-dr,True,True,False,
06-1-110881,52.5218,10.2175,1.72499,manual_labels,0.0,False,mare,v-dr,,,mare,v-dr,True,True,False,
06-1-110883,52.5863,10.1835,1.04017,manual_labels,0.0,False,mare,v-dr,,,mare,v-dr,True,True,False,
06-1-110885,52.6351,10.1736,1.63989,manual_labels,0.0,False,mare,v-dr,,,mare,v-dr,True,True,False,
06-1-111453,54.1874,8.27927,1.59983,manual_labels,0.0,False,mare,v-dr,,,mare,v-dr,True,True,False,
06-1-111454,54.2678,8.39965,1.71351,manual_labels,0.0,False,mare,v-fr,mare,v-fr,mare,v-fr,True,False,True,
06-1-111475,54.8104,7.51786,1.41956,manual_labels,0.0,False,mare,v-dr,,,mare,v-dr,True,True,False,
06-1-111477,54.7555,7.59097,1.50929,manual_labels,0.0,False,mare,v-dr,,,mare,v-dr,True,True,False,
06-1-111478,54.7455,7.50955,1.59597,manual_labels,0.0,False,mare,v-dr,,,mare,v-dr,True,True,False,
06-1-111486,54.741,8.32833,1.38089,manual_labels,0.0,False,mare,v-dr,,,mare,v-dr,True,True,False,
06-1-111488,55.0096,8.34153,1.37549,manual_labels,0.0,False,mare,r-dr,,,mare,r-dr,True,True,False,
06-1-111497,55.004,7.61418,1.09752,manual_labels,0.0,False,mare,v-dr,,,mare,v-dr,True,True,False,
06-1-111807,54.1535,16.7883,1.11543,manual_labels,0.0,False,mare,v-dr,,,mare,v-dr,True,True,False,
06-1-111819,54.2847,15.9767,1.76968,manual_labels,0.0,False,mare,v-dr,,,mare,v-dr,True,True,False,
06-1-111823,54.2695,15.7554,1.69164,manual_labels,0.0,False,mare,v-dr,,,mare,v-dr,True,True,False,
06-1-111825,54.2238,15.6176,1.64526,manual_labels,0.0,False,mare,v-dr,,,mare,v-dr,True,True,False,
06-1-111832,54.2317,16.0804,1.33826,manual_labels,0.0,False,mare,v-dr,,,mare,v-dr,True,True,False,
06-1-111913,54.1798,19.2974,1.10224,manual_labels,0.0,False,mare,r-dr,mare,v-dr,mare,v-dr,True,False,False,
06-1-111920,54.3245,19.277,1.21208,manual_labels,0.0,False,mare,r-fr,mare,v-dr,mare,v-dr,True,False,False,
06-1-111921,54.4433,19.3883,1.35585,manual_labels,0.0,False,mare,r-dr,,,mare,r-dr,True,True,False,
06-1-111933,53.8454,21.1318,1.67561,manual_labels,0.0,False,mare,r-dr,mare,v-dr,mare,v-dr,True,False,False,
06-1-111934,53.8612,21.1992,1.39914,manual_labels,0.0,False,mare,v-dr,,,mare,v-dr,True,True,False,
06-1-111936,53.9511,21.1135,1.15634,manual_labels,0.0,False,mare,r-dr,mare,r-dr,mare,r-dr,True,False,True,
06-1-111959,53.5331,21.2178,1.44561,manual_labels,0.0,False,mare,r-fr,mare,r-dr,mare,r-dr,True,False,False,
06-1-111966,53.5556,22.0768,2.01034,manual_labels,0.0,False,mare,r-dr,,,mare,r-dr,True,True,False,
06-1-111968,53.5299,22.0357,1.98651,manual_labels,0.0,False,mare,r-dr,,,mare,r-dr,True,True,False,
06-1-111978,53.7193,21.8945,1.68466,manual_labels,0.0,False,mare,v-dr,,,mare,v-dr,True,True,False,
06-1-111992,53.7975,21.9856,1.51175,manual_labels,0.0,False,mare,r-dr,,,mare,r-dr,True,True,False,
06-1-111994,53.7461,22.0039,1.24883,manual_labels,0.0,False,mare,v-dr,,,mare,v-dr,True,True,False,
06-1-111995,53.8539,22.1825,1.36156,manual_labels,0.0,False,mare,v-dr,,,mare,v-dr,True,True,False,
06-1-112005,53.7223,22.5095,2.01906,manual_labels,0.0,False,mare,v-dr,,,mare,v-dr,True,True,False,
06-1-112006,53.5667,22.5024,1.06201,manual_labels,0.0,False,mare,v-dr,mare,r-dr,mare,r-dr,True,False,False,
06-1-112007,53.568,22.3978,1.40079,manual_labels,0.0,False,mare,v-dr,,,mare,v-dr,True,True,False,
06-1-112009,53.6452,22.4304,2.01797,manual_labels,0.0,False,mare,r-dr,,,mare,r-dr,True,True,False,
06-1-115284,55.1866,19.8076,1.18536,manual_labels,0.0,False,mare,v-dr,mare,v-dr,mare,v-dr,True,False,True,
06-1-115289,55.2514,19.5335,1.00077,manual_labels,0.0,False,mare,v-dr,,,mare,v-dr,True,True,False,
06-1-115290,55.2312,19.4805,1.26952,manual_labels,0.0,False,mare,r-dr,,,mare,r-dr,True,True,False,
06-1-115292,55.1685,19.4938,1.44346,manual_labels,0.0,False,mare,r-fr,mare,r-dr,mare,r-dr,True,False,False,
06-1-115293,55.1322,19.5793,1.27433,manual_labels,0.0,False,mare,v-dr,,,mare,v-dr,True,True,False,
06-1-115294,55.0862,19.6301,1.36606,manual_labels,0.0,False,mare,r-dr,,,mare,r-dr,True,True,False,
06-1-115295,55.0483,19.5046,1.54347,manual_labels,0.0,False,mare,r-fr,mare,r-dr,mare,r-dr,True,False,False,
06-1-115296,54.9885,19.479,1.06829,manual_labels,0.0,False,mare,v-dr,,,mare,v-dr,True,True,False,
06-1-115301,54.6392,19.3718,1.23925,manual_labels,0.0,False,mare,v-dr,,,mare,v-dr,True,True,False,
06-1-115304,55.088,19.3706,1.65347,manual_labels,0.0,False,mare,r-fr,mare,r-dr,mare,r-dr,True,False,False,
06-1-115317,55.3882,19.8042,1.23805,manual_labels,0.0,False,mare,v-dr,,,mare,v-dr,True,True,False,
06-1-115320,55.3455,19.7429,1.5597,manual_labels,0.0,False,mare,v-dr,,,mare,v-dr,True,True,False,
06-1-115321,55.3434,19.5804,2.06222,manual_labels,0.0,False,mare,v-dr,,,mare,v-dr,True,True,False,
06-1-115322,55.3916,19.6394,1.1538,manual_labels,0.0,False,mare,v-dr,,,mare,v-dr,True,True,False,
06-1-115352,54.5977,19.1863,1.16285,manual_labels,0.0,False,mare,r-dr,,,mare,r-dr,True,True,False,
06-1-115357,54.731,19.6321,1.24886,manual_labels,0.0,False,mare,v-dr,,,mare,v-dr,True,True,False,
06-1-115432,55.2684,17.0071,1.74676,manual_labels,0.0,False,mare,v-dr,,,mare,v-dr,True,True,False,
06-1-115434,55.1654,16.9636,1.3862,manual_labels,0.0,False,mare,v-dr,,,mare,v-dr,True,True,False,
06-1-115435,55.1344,17.0524,1.10114,manual_labels,0.0,False,mare,v-dr,,,mare,v-dr,True,True,False,
06-1-115457,55.3388,16.2341,1.2493,manual_labels,0.0,False,mare,v-dr,,,mare,v-dr,True,True,False,
06-1-115459,55.3253,16.097,1.36572,manual_labels,0.0,False,mare,v-dr,,,mare,v-dr,True,True,False,
06-1-115481,55.2124,16.0173,1.01018,manual_labels,0.0,False,mare,v-dr,,,mare,v-dr,True,True,False,
06-1-115485,54.6313,16.0983,1.19245,manual_labels,0.0,False,mare,v-dr,,,mare,v-dr,True,True,False,
06-1-115491,54.6795,15.8722,1.14963,manual_labels,0.0,False,mare,r-fr,,,mare,r-fr,True,True,False,
06-1-115492,54.6501,15.7769,1.14947,manual_labels,0.0,False,mare,v-dr,mare,r-dr,mare,r-dr,True,False,False,
06-1-115493,54.6168,15.7511,1.44625,manual_labels,0.0,False,mare,v-dr,mare,r-dr,mare,r-dr,True,False,False,
06-1-115499,54.7152,15.4011,1.79373,manual_labels,0.0,False,mare,r-dr,,,mare,r-dr,True,True,False,
06-1-115501,54.4927,15.6435,1.40919,manual_labels,0.0,False,mare,v-dr,,,mare,v-dr,True,True,False,
06-1-115502,54.4957,15.5603,1.57644,manual_labels,0.0,False,mare,r-dr,,,mare,r-dr,True,True,False,
06-1-115504,54.5418,15.7365,1.1515,manual_labels,0.0,False,mare,v-dr,,,mare,v-dr,True,True,False,
06-1-115506,54.2826,15.3996,1.81011,manual_labels,0.0,False,mare,v-dr,,,mare,v-dr,True,True,False,
06-1-115507,54.223,15.4447,1.50905,manual_labels,0.0,False,mare,v-dr,,,mare,v-dr,True,True,False,
06-1-115515,54.3632,16.5532,1.12577,manual_labels,0.0,False,mare,v-dr,,,mare,v-dr,True,True,False,
06-1-115521,54.5669,14.9458,1.43738,manual_labels,0.0,False,mare,v-fr,mare,v-fr,mare,v-fr,True,False,True,
06-1-115530,54.756,14.7181,1.10077,manual_labels,0.0,False,mare,r-fr,,,mare,r-fr,True,True,False,
06-1-115536,55.0603,15.4525,1.48172,manual_labels,0.0,False,mare,r-dr,,,mare,r-dr,True,True,False,
06-1-115537,55.0097,15.3782,1.23614,manual_labels,0.0,False,mare,v-dr,mare,r-dr,mare,r-dr,True,False,False,
06-1-115538,55.1017,15.3476,1.53452,manual_labels,0.0,False,mare,r-fr,mare,r-dr,mare,r-dr,True,False,False,
06-1-115539,55.0922,15.3763,1.1691,manual_labels,0.0,False,mare,v-dr,mare,v-dr,mare,v-dr,True,False,True,
06-1-115541,55.0602,15.1138,1.12111,manual_labels,0.0,False,mare,v-dr,,,mare,v-dr,True,True,False,
06-1-115542,55.1024,15.0892,1.27396,manual_labels,0.0,False,mare,v-dr,,,mare,v-dr,True,True,False,
06-1-115544,55.1783,15.1746,1.54791,manual_labels,0.0,False,mare,v-dr,,,mare,v-dr,True,True,False,
06-1-115551,54.9825,16.0474,1.9144,manual_labels,0.0,False,mare,v-dr,,,mare,v-dr,True,True,False,
06-1-115553,55.3839,15.5553,1.35795,manual_labels,0.0,False,mare,r-dr,,,mare,r-dr,True,True,False,
06-1-115568,55.3519,15.3253,1.07133,manual_labels,0.0,False,mare,v-dr,,,mare,v-dr,True,True,False,
06-1-115569,55.3193,15.2719,1.69216,manual_labels,0.0,False,mare,v-dr,,,mare,v-dr,True,True,False,
06-1-115574,55.6674,14.8494,1.52398,manual_labels,0.0,False,mare,r-dr,mare,v-dr,mare,v-dr,True,False,False,
06-1-115577,55.4021,15.0244,1.1908,manual_labels,0.0,False,mare,v-dr,,,mare,v-dr,True,True,False,
06-1-115579,55.2113,14.9243,2.06003,manual_labels,0.0,False,mare,v-dr,mare,r-dr,mare,r-dr,True,False,False,
06-1-115580,55.124,14.9265,1.08243,manual_labels,0.0,False,mare,v-dr,,,mare,v-dr,True,True,False,
06-1-115581,55.0667,14.9619,1.41634,manual_labels,0.0,False,mare,v-dr,,,mare,v-dr,True,True,False,
06-1-115582,55.0538,14.8873,1.54781,manual_labels,0.0,False,mare,v-dr,,,mare,v-dr,True,True,False,
06-1-115583,55.1018,14.7885,1.9338,manual_labels,0.0,False,mare,v-dr,mare,r-dr,mare,r-dr,True,False,False,
06-1-115584,55.0499,14.7743,1.4652,manual_labels,0.0,False,mare,v-dr,,,mare,v-dr,True,True,False,
06-1-115585,54.9956,14.8877,1.44581,manual_labels,0.0,False,mare,v-dr,,,mare,v-dr,True,True,False,
06-1-115603,55.6541,14.5077,1.5244,manual_labels,0.0,False,mare,r-fr,,,mare,r-fr,True,True,False,
06-1-115628,55.748,14.5992,1.4425,manual_labels,0.0,False,mare,v-dr,,,mare,v-dr,True,True,False,
06-1-115642,55.8569,14.6294,1.11792,manual_labels,0.0,False,mare,v-dr,,,mare,v-dr,True,True,False,
06-1-115663,56.1738,14.4356,1.0498,manual_labels,0.0,False,mare,v-dr,,,mare,v-dr,True,True,False,
06-1-115670,56.0658,14.7046,1.65972,manual_labels,0.0,False,mare,v-dr,,,mare,v-dr,True,True,False,
06-1-115673,56.1496,14.7563,1.67032,manual_labels,0.0,False,mare,r-dr,,,mare,r-dr,True,True,False,
06-1-115678,56.2433,14.6804,1.59859,manual_labels,0.0,False,mare,r-dr,mare,v-dr,mare,v-dr,True,False,False,
06-1-115679,56.2991,14.4942,1.26821,manual_labels,0.0,False,mare,v-dr,,,mare,v-dr,True,True,False,
06-1-115680,56.3109,14.442,1.32644,manual_labels,0.0,False,mare,v-dr,,,mare,v-dr,True,True,False,
06-1-115681,56.4228,14.5931,1.3629,manual_labels,0.0,False,mare,v-dr,,,mare,v-dr,True,True,False,
06-1-115682,56.4024,14.577,1.31036,manual_labels,0.0,False,mare,v-dr,,,mare,v-dr,True,True,False,
06-1-115684,56.4627,14.3318,1.20946,manual_labels,0.0,False,mare,v-dr,,,mare,v-dr,True,True,False,
06-1-115876,54.5332,16.8178,1.57509,manual_labels,0.0,False,mare,v-dr,,,mare,v-dr,True,True,False,
06-1-116076,54.3264,7.31686,1.02108,manual_labels,0.0,False,mare,v-dr,,,mare,v-dr,True,True,False,
06-1-116077,54.1818,7.32878,1.16647,manual_labels,0.0,False,mare,v-dr,,,mare,v-dr,True,True,False,
06-1-116105,54.4219,5.38375,1.14728,manual_labels,0.0,False,mare,v-dr,,,mare,v-dr,True,True,False,
06-1-116107,54.4513,5.32129,1.55284,manual_labels,0.0,False,mare,r-dr,mare,v-dr,mare,v-dr,True,False,False,
06-1-116108,54.4486,5.17563,1.63963,manual_labels,0.0,False,mare,v-dr,,,mare,v-dr,True,True,False,
06-1-116114,54.3242,5.24416,1.16834,manual_labels,0.0,False,mare,r-dr,mare,v-dr,mare,v-dr,True,False,False,
06-1-116115,54.3325,5.31959,1.3729,manual_labels,0.0,False,mare,v-dr,,,mare,v-dr,True,True,False,
06-1-116148,55.0533,5.4156,1.35322,manual_labels,0.0,False,mare,r-dr,,,mare,r-dr,True,True,False,
06-1-116150,55.0262,5.2433,1.17635,manual_labels,0.0,False,mare,v-dr,,,mare,v-dr,True,True,False,
06-1-116151,55.0182,5.16309,1.20807,manual_labels,0.0,False,mare,v-dr,,,mare,v-dr,True,True,False,
06-1-116214,54.5392,5.31877,1.00989,manual_labels,0.0,False,mare,v-dr,,,mare,v-dr,True,True,False,
06-1-116407,55.4174,2.93877,1.08404,manual_labels,0.0,False,mare,v-dr,,,mare,v-dr,True,True,False,
06-1-116409,55.4344,2.99618,1.16033,manual_labels,0.0,False,mare,v-dr,,,mare,v-dr,True,True,False,
06-1-116412,55.5355,3.18158,1.48408,manual_labels,0.0,False,mare,v-dr,,,mare,v-dr,True,True,False,
06-1-116422,55.5839,3.05892,1.16231,manual_labels,0.0,False,mare,r-dr,mare,v-dr,mare,v-dr,True,False,False,
06-1-116423,55.7111,2.93296,1.4488,manual_labels,0.0,False,mare,r-fr,mare,r-dr,mare,r-dr,True,False,False,
06-1-116427,56.1897,3.18828,1.69838,manual_labels,0.0,False,mare,v-dr,,,mare,v-dr,True,True,False,
06-1-116431,55.786,3.09298,1.65173,manual_labels,0.0,False,mare,v-dr,,,mare,v-dr,True,True,False,
06-1-116433,55.8888,2.87957,1.48077,manual_labels,0.0,False,mare,r-dr,,,mare,r-dr,True,True,False,
06-1-116438,55.8267,3.43759,1.18394,manual_labels,0.0,False,mare,r-fr,mare,r-dr,mare,r-dr,True,False,False,
06-1-116465,56.1347,4.33048,1.15565,manual_labels,0.0,False,mare,r-dr,,,mare,r-dr,True,True,False,
06-1-116466,56.0762,4.31647,1.21868,manual_labels,0.0,False,mare,r-dr,,,mare,r-dr,True,True,False,
06-1-116474,55.4103,4.18917,1.51588,manual_labels,0.0,False,mare,r-dr,,,mare,r-dr,True,True,False,
06-1-116477,55.5093,4.45833,1.42314,manual_labels,0.0,False,mare,r-dr,,,mare,r-dr,True,True,False,
06-1-116481,55.5593,4.3109,1.06329,manual_labels,0.0,False,mare,v-dr,,,mare,v-dr,True,True,False,
06-1-116482,55.5823,4.27403,1.09462,manual_labels,0.0,False,mare,v-dr,,,mare,v-dr,True,True,False,
06-1-116483,55.6401,4.24487,1.12351,manual_labels,0.0,False,mare,v-dr,,,mare,v-dr,True,True,False,
06-1-116504,56.2234,4.72904,1.037,manual_labels,0.0,False,mare,r-fr,mare,r-dr,mare,r-dr,True,False,False,
06-1-116529,55.3547,5.46467,1.56958,manual_labels,0.0,False,mare,v-dr,,,mare,v-dr,True,True,False,
06-1-116601,55.0619,7.50629,1.24181,manual_labels,0.0,False,mare,v-dr,,,mare,v-dr,True,True,False,
06-1-116700,56.0463,14.9217,1.31576,manual_labels,0.0,False,mare,v-dr,,,mare,v-dr,True,True,False,
06-1-116703,56.3462,14.7812,1.08317,manual_labels,0.0,False,mare,r-dr,,,mare,r-dr,True,True,False,
06-1-116725,55.7931,14.6063,1.38239,manual_labels,0.0,False,mare,r-dr,,,mare,r-dr,True,True,False,
06-1-116732,55.9457,15.0258,1.67875,manual_labels,0.0,False,mare,v-dr,,,mare,v-dr,True,True,False,
06-1-116737,55.7401,14.7149,1.04604,manual_labels,0.0,False,mare,v-dr,,,mare,v-dr,True,True,False,
06-1-116799,55.2307,19.7127,1.56856,manual_labels,0.0,False,mare,v-dr,,,mare,v-dr,True,True,False,
06-1-120322,56.1975,14.9728,1.11781,manual_labels,0.0,False,mare,v-dr,,,mare,v-dr,True,True,False,
06-1-120323,56.2334,14.5995,1.17711,manual_labels,0.0,False,mare,v-dr,,,mare,v-dr,True,True,False,
06-1-120775,56.4416,4.48331,1.01725,manual_labels,0.0,False,mare,r-fr,mare,v-dr,mare,v-dr,True,False,False,
06-1-120788,56.5801,4.73091,1.12702,manual_labels,0.0,False,mare,v-dr,,,mare,v-dr,True,True,False,
06-1-120841,56.2461,3.32823,1.29568,manual_labels,0.0,False,mare,v-dr,,,mare,v-dr,True,True,False,
06-1-120844,56.4964,3.34876,1.02335,manual_labels,0.0,False,mare,r-dr,,,mare,r-dr,True,True,False,
06-1-120860,56.315,2.95694,1.04835,manual_labels,0.0,False,mare,v-dr,,,mare,v-dr,True,True,False,
06-1-120862,56.4148,3.06349,1.20288,manual_labels,0.0,False,mare,r-dr,,,mare,r-dr,True,True,False,
06-1-120863,56.4371,3.02738,1.38945,manual_labels,0.0,False,mare,r-dr,,,mare,r-dr,True,True,False,
06-1-120864,56.4916,3.04546,1.01279,manual_labels,0.0,False,mare,v-dr,,,mare,v-dr,True,True,False,
06-2-019223,50.4936,22.7291,1.29827,manual_labels,0.0,False,mare,v-dr,,,mare,v-dr,True,True,False,
06-2-019245,50.5642,11.5981,1.29181,manual_labels,0.0,False,mare,v-dr,,,mare,v-dr,True,True,False,
06-2-019250,50.608,11.1327,1.82323,manual_labels,0.0,False,mare,v-dr,,,mare,v-dr,True,True,False,
06-2-019251,50.6591,11.0899,1.98853,manual_labels,0.0,False,mare,v-dr,,,mare,v-dr,True,True,False,
06-2-019567,51.7722,23.1763,1.37998,manual_labels,0.0,False,mare,v-dr,,,mare,v-dr,True,True,False,
06-2-019573,51.5366,23.1436,1.00282,manual_labels,0.0,False,mare,v-dr,,,mare,v-dr,True,True,False,
06-2-019827,52.0246,22.9216,1.33885,manual_labels,0.0,False,mare,v-dr,,,mare,v-dr,True,True,False,
06-2-019828,52.1231,23.2209,1.1609,manual_labels,0.0,False,mare,v-dr,,,mare,v-dr,True,True,False,
06-2-020080,53.8088,21.3439,1.19244,manual_labels,0.0,False,mare,v-dr,,,mare,v-dr,True,True,False,
06-2-020081,53.6938,21.1507,1.69315,manual_labels,0.0,False,mare,v-dr,,,mare,v-dr,True,True,False,
06-2-020168,54.6811,5.05908,1.05114,manual_labels,0.0,False,mare,v-dr,,,mare,v-dr,True,True,False,
06-2-020207,54.6944,14.9598,1.43583,manual_labels,0.0,False,mare,v-dr,,,mare,v-dr,True,True,False,
06-2-020488,55.9391,14.8217,1.21155,manual_labels,0.0,False,mare,v-dr,,,mare,v-dr,True,True,False,
06-2-020501,55.9178,3.09866,1.38109,manual_labels,0.0,False,mare,v-dr,,,mare,v-dr,True,True,False,
06-3-036980,21.6052,57.2741,1.11841,manual_labels,0.0,False,mare,v-dr,,,mare,v-dr,True,True,False,
06-3-036981,21.6327,57.2834,1.06447,manual_labels,0.0,False,mare,v-dr,,,mare,v-dr,True,True,False,
06-3-036986,21.656,57.2179,1.02818,manual_labels,0.0,False,mare,v-dr,,,mare,v-dr,True,True,False,
06-3-036987,21.6681,57.1955,1.17233,manual_labels,0.0,False,mare,r-dr,mare,v-dr,mare,v-dr,True,False,False,
06-3-036997,21.5353,57.1239,1.29531,manual_labels,0.0,False,mare,v-dr,,,mare,v-dr,True,True,False,
06-3-037001,21.6984,57.112,1.0979,manual_labels,0.0,False,mare,v-dr,,,mare,v-dr,True,True,False,
06-3-037012,21.8089,57.2863,1.09043,manual_labels,0.0,False,mare,v-dr,,,mare,v-dr,True,True,False,
06-3-037013,21.7796,57.2712,1.16594,manual_labels,0.0,False,mare,v-dr,,,mare,v-dr,True,True,False,
06-3-037015,21.7927,57.2157,1.05346,manual_labels,0.0,False,mare,v-dr,,,mare,v-dr,True,True,False,
06-3-037020,21.866,57.2667,1.10354,manual_labels,0.0,False,mare,v-dr,,,mare,v-dr,True,True,False,
06-3-037047,21.5705,57.0562,1.08996,manual_labels,0.0,False,mare,v-dr,,,mare,v-dr,True,True,False,
06-3-046722,55.841,4.42527,1.4379,manual_labels,0.0,False,mare,v-dr,,,mare,v-dr,True,True,False,
06-3-046747,55.8926,14.8095,1.23543,manual_labels,0.0,False,mare,v-dr,,,mare,v-dr,True,True,False,
06-3-046755,55.1986,15.1112,1.12204,manual_labels,0.0,False,mare,v-dr,,,mare,v-dr,True,True,False,
06-3-046756,55.2101,15.295,1.25702,manual_labels,0.0,False,mare,v-dr,,,mare,v-dr,True,True,False,
07-1-171695,-44.3304,24.7883,1.08331,manual_labels,0.0,False,highland,v-dr,,,highland,v-dr,True,True,False,
07-1-179350,-45.7423,20.4514,1.09494,manual_labels,0.0,False,highland,v-dr,,,highland,v-dr,True,True,False,
07-1-181092,-46.4754,20.1286,1.15638,manual_labels,0.0,False,highland,v-dr,,,highland,v-dr,True,True,False,
07-1-181125,-47.1831,20.1607,1.0376,manual_labels,0.0,False,highland,v-dr,,,highland,v-dr,True,True,False,
07-1-181147,-46.6918,20.2861,1.0661,manual_labels,0.0,False,highland,r-fr,highland,v-dr,highland,v-dr,True,False,False,
07-1-181149,-46.6305,20.1883,1.0745,manual_labels,0.0,False,highland,r-fr,highland,v-dr,highland,v-dr,True,False,False,
07-1-181150,-46.6536,20.1589,1.13321,manual_labels,0.0,False,highland,r-dr,highland,v-dr,highland,v-dr,True,False,False,
07-1-181151,-46.5116,20.3091,1.08642,manual_labels,0.0,False,highland,v-dr,,,highland,v-dr,True,True,False,
07-1-188855,-47.4528,20.009,1.01636,manual_labels,0.0,False,highland,r-dr,highland,v-dr,highland,v-dr,True,False,False,
07-1-197321,-50.7975,21.3759,1.00421,manual_labels,0.0,False,highland,v-dr,,,highland,v-dr,True,True,False,
07-1-197326,-50.638,21.4392,1.0669,manual_labels,0.0,False,highland,v-dr,,,highland,v-dr,True,True,False,
07-1-197329,-50.4717,21.5062,1.01426,manual_labels,0.0,False,highland,v-dr,,,highland,v-dr,True,True,False,
07-1-197646,-50.8191,14.7419,1.01062,manual_labels,0.0,False,highland,r-dr,,,highland,r-dr,True,True,False,
07-1-197752,-50.4347,14.3679,1.08928,manual_labels,0.0,False,highland,v-dr,,,highland,v-dr,True,True,False,
07-1-197767,-50.4055,14.1568,1.1781,manual_labels,0.0,False,highland,r-fr,highland,v-dr,highland,v-dr,True,False,False,
07-1-197780,-50.631,13.4483,1.12503,manual_labels,0.0,False,highland,r-dr,highland,v-dr,highland,v-dr,True,False,False,
07-1-197785,-50.4942,13.1655,1.04486,manual_labels,0.0,False,highland,r-dr,,,highland,r-dr,True,True,False,
07-1-197813,-50.6655,14.643,1.0141,manual_labels,0.0,False,highland,v-dr,,,highland,v-dr,True,True,False,
07-1-197830,-50.6492,14.3855,1.09538,manual_labels,0.0,False,highland,v-dr,,,highland,v-dr,True,True,False,
07-1-197838,-50.8812,14.6891,1.00604,manual_labels,0.0,False,highland,r-dr,highland,v-dr,highland,v-dr,True,False,False,
07-1-197861,-50.8409,13.7202,1.00655,manual_labels,0.0,False,highland,v-dr,,,highland,v-dr,True,True,False,
07-1-197866,-50.8466,13.0831,1.08955,manual_labels,0.0,False,highland,r-dr,highland,v-dr,highland,v-dr,True,False,False,
07-1-197877,-50.7722,13.0165,1.00667,manual_labels,0.0,False,highland,r-dr,highland,v-dr,highland,v-dr,True,False,False,
07-1-197881,-50.7172,13.4868,1.15069,manual_labels,0.0,False,highland,r-dr,highland,v-dr,highland,v-dr,True,False,False,
07-1-197882,-50.6894,13.6282,1.04341,manual_labels,0.0,False,highland,v-dr,,,highland,v-dr,True,True,False,
07-1-197884,-50.6019,13.1524,1.10384,manual_labels,0.0,False,highland,v-dr,,,highland,v-dr,True,True,False,
07-1-197887,-50.3734,13.296,1.15635,manual_labels,0.0,False,highland,r-dr,highland,v-dr,highland,v-dr,True,False,False,
07-1-197969,-50.1317,13.6354,1.14427,manual_labels,0.0,False,highland,r-dr,highland,v-dr,highland,v-dr,True,False,False,
07-1-197973,-50.5235,13.5098,1.13574,manual_labels,0.0,False,highland,r-dr,highland,v-dr,highland,v-dr,True,False,False,
07-1-198906,-51.1403,12.9053,1.13164,manual_labels,0.0,False,highland,v-dr,,,highland,v-dr,True,True,False,
07-1-198928,-51.1005,12.9911,1.1435,manual_labels,0.0,False,highland,r-fr,,,highland,r-fr,True,True,False,
07-1-198929,-51.0599,13.0031,1.15208,manual_labels,0.0,False,highland,r-dr,,,highland,r-dr,True,True,False,
07-1-198933,-50.9165,12.8997,1.10345,manual_labels,0.0,False,highland,r-fr,highland,v-dr,highland,v-dr,True,False,False,
07-1-198937,-50.857,13.1798,1.01332,manual_labels,0.0,False,highland,r-dr,highland,v-dr,highland,v-dr,True,False,False,
07-1-199037,-51.2951,13.8215,1.1271,manual_labels,0.0,False,highland,r-dr,highland,v-dr,highland,v-dr,True,False,False,
07-1-199042,-51.1415,13.9519,1.10475,manual_labels,0.0,False,highland,v-dr,,,highland,v-dr,True,True,False,
07-1-199060,-51.4363,14.1167,1.13119,manual_labels,0.0,False,highland,v-dr,,,highland,v-dr,True,True,False,
07-1-199075,-50.9449,14.8427,1.16368,manual_labels,0.0,False,highland,r-fr,highland,v-dr,highland,v-dr,True,False,False,
07-1-199076,-50.9205,14.8088,1.10239,manual_labels,0.0,False,highland,r-fr,highland,v-dr,highland,v-dr,True,False,False,
07-1-199096,-51.3251,14.9065,1.2236,manual_labels,0.0,False,highland,v-dr,,,highland,v-dr,True,True,False,
07-1-199098,-51.3174,14.8186,1.01293,manual_labels,0.0,False,highland,v-dr,,,highland,v-dr,True,True,False,
07-1-206143,-52.9396,10.145,1.12824,manual_labels,0.0,False,highland,v-dr,,,highland,v-dr,True,True,False,
07-1-206198,-53.0959,9.19404,1.08531,manual_labels,0.0,False,highland,v-dr,,,highland,v-dr,True,True,False,
07-1-206961,-53.2265,9.1328,1.08379,manual_labels,0.0,False,highland,r-dr,,,highland,r-dr,True,True,False,
07-1-206968,-53.3238,9.14798,1.03819,manual_labels,0.0,False,highland,v-dr,,,highland,v-dr,True,True,False,
07-1-206969,-53.369,9.08332,1.1498,manual_labels,0.0,False,highland,v-dr,,,highland,v-dr,True,True,False,
07-1-206971,-53.3706,9.18454,1.20848,manual_labels,0.0,False,highland,v-dr,,,highland,v-dr,True,True,False,
07-1-207013,-53.874,10.3147,1.00279,manual_labels,0.0,False,highland,v-dr,,,highland,v-dr,True,True,False,
07-1-207025,-53.1759,10.4488,1.08478,manual_labels,0.0,False,highland,r-dr,highland,v-dr,highland,v-dr,True,False,False,
07-1-207031,-53.3986,10.3963,1.09787,manual_labels,0.0,False,highland,r-dr,,,highland,r-dr,True,True,False,
07-1-207033,-53.3188,10.3815,1.06411,manual_labels,0.0,False,highland,v-dr,,,highland,v-dr,True,True,False,
07-1-207074,-53.4907,9.03303,1.06751,manual_labels,0.0,False,highland,v-dr,,,highland,v-dr,True,True,False,
07-1-207253,-53.4549,13.2081,1.08895,manual_labels,0.0,False,highland,r-dr,highland,v-dr,highland,v-dr,True,False,False,
07-1-207254,-53.4114,13.2353,1.02802,manual_labels,0.0,False,highland,r-dr,highland,v-dr,highland,v-dr,True,False,False,
07-1-213691,-54.2969,12.6631,1.05828,manual_labels,0.0,False,highland,v-dr,,,highland,v-dr,True,True,False,
07-1-213699,-54.4636,12.3163,1.01392,manual_labels,0.0,False,highland,r-dr,highland,v-dr,highland,v-dr,True,False,False,
07-1-213749,-54.4605,12.5839,1.14072,manual_labels,0.0,False,highland,v-dr,,,highland,v-dr,True,True,False,
07-1-213828,-54.6397,12.127,1.06511,manual_labels,0.0,False,highland,v-dr,,,highland,v-dr,True,True,False,
07-1-213831,-54.5747,12.178,1.01144,manual_labels,0.0,False,highland,v-dr,,,highland,v-dr,True,True,False,
07-2-003281,-46.7264,20.1475,1.07781,manual_labels,0.0,False,highland,r-dr,highland,v-dr,highland,v-dr,True,False,False,
07-2-003443,-51.2619,13.0458,1.05833,manual_labels,0.0,False,highland,v-dr,,,highland,v-dr,True,True,False,
08-1-003756,0.314193,130.357,1.06441,manual_labels,0.0,False,highland,r-dr,,,highland,r-dr,True,True,False,
08-1-003757,0.247408,130.39,1.02565,manual_labels,0.0,False,highland,r-fr,highland,r-dr,highland,r-dr,True,False,False,
08-1-003819,0.999764,130.681,1.19228,manual_labels,0.0,False,highland,r-dr,highland,v-dr,highland,v-dr,True,False,False,
08-1-003873,0.903287,130.444,1.45458,manual_labels,0.0,False,highland,v-dr,,,highland,v-dr,True,True,False,
08-1-003878,0.685761,130.374,1.27222,manual_labels,0.0,False,highland,v-dr,,,highland,v-dr,True,True,False,
08-1-003879,0.655928,130.386,1.1186,manual_labels,0.0,False,highland,v-dr,,,highland,v-dr,True,True,False,
08-1-003880,0.763204,130.45,1.15768,manual_labels,0.0,False,highland,v-dr,,,highland,v-dr,True,True,False,
08-1-008419,1.27593,130.689,1.07774,manual_labels,0.0,False,highland,r-fr,highland,v-dr,highland,v-dr,True,False,False,
08-1-024900,6.61853,104.538,1.08416,manual_labels,0.0,False,highland,v-dr,,,highland,v-dr,True,True,False,
08-1-026540,6.85164,104.576,1.27351,manual_labels,0.0,False,highland,v-dr,,,highland,v-dr,True,True,False,
08-1-036486,9.44029,125.623,1.43832,manual_labels,0.0,False,highland,v-fr,highland,v-fr,highland,v-fr,True,False,True,
08-1-036488,9.39477,125.643,1.01412,manual_labels,0.0,False,highland,v-dr,,,highland,v-dr,True,True,False,
08-1-036493,9.57162,125.661,1.42221,manual_labels,0.0,False,highland,v-dr,,,highland,v-dr,True,True,False,
08-1-036494,9.6479,125.641,1.54042,manual_labels,0.0,False,highland,v-dr,,,highland,v-dr,True,True,False,
08-1-036526,9.74546,125.735,1.2405,manual_labels,0.0,False,highland,v-dr,,,highland,v-dr,True,True,False,
08-1-036531,9.96431,125.744,1.09283,manual_labels,0.0,False,highland,v-dr,,,highland,v-dr,True,True,False,
08-1-036539,9.97417,125.673,1.34295,manual_labels,0.0,False,highland,v-dr,,,highland,v-dr,True,True,False,
08-1-036540,9.93752,125.664,1.286,manual_labels,0.0,False,highland,v-dr,,,highland,v-dr,True,True,False,
08-1-036541,9.91558,125.679,1.09315,manual_labels,0.0,False,highland,r-dr,highland,v-dr,highland,v-dr,True,False,False,
08-1-036544,9.78289,125.617,1.0361,manual_labels,0.0,False,highland,v-dr,,,highland,v-dr,True,True,False,
08-1-036553,10.0746,125.763,1.22063,manual_labels,0.0,False,highland,v-dr,,,highland,v-dr,True,True,False,
08-1-068630,18.5288,121.168,1.62667,manual_labels,0.0,False,highland,r-dr,highland,v-dr,highland,v-dr,True,False,False,
08-1-068645,18.608,121.215,1.44368,manual_labels,0.0,False,highland,v-fr,highland,v-dr,highland,v-dr,True,False,False,there is a very fresh crater right next to it
08-1-068646,18.6415,121.187,1.32567,manual_labels,0.0,False,highland,v-fr,highland,v-dr,highland,v-dr,True,False,True,
08-1-075340,19.5601,121.889,1.05721,manual_labels,0.0,False,highland,v-dr,,,highland,v-dr,True,True,False,
08-1-075377,19.294,121.806,1.55892,manual_labels,0.0,False,highland,v-dr,,,highland,v-dr,True,True,False,
08-1-075395,19.5272,121.81,1.52232,manual_labels,0.0,False,highland,v-dr,,,highland,v-dr,True,True,False,
08-1-075401,19.1472,121.615,1.21668,manual_labels,0.0,False,highland,v-dr,,,highland,v-dr,True,True,False,
08-1-075402,19.1049,121.644,1.42079,manual_labels,0.0,False,highland,v-dr,,,highland,v-dr,True,True,False,
08-1-075414,18.9518,121.486,1.46712,manual_labels,0.0,False,highland,v-dr,,,highland,v-dr,True,True,False,
08-1-075415,18.9882,121.446,1.14519,manual_labels,0.0,False,highland,v-dr,,,highland,v-dr,True,True,False,
08-1-083324,21.9507,152.19,1.55441,manual_labels,0.0,False,highland,v-dr,,,highland,v-dr,True,True,False,
08-1-083338,21.7485,152.162,1.02087,manual_labels,0.0,False,highland,r-dr,,,highland,r-dr,True,True,False,
08-1-083339,21.7805,152.168,1.16058,manual_labels,0.0,False,highland,r-dr,highland,v-dr,highland,v-dr,True,False,False,
08-1-083341,21.8312,152.203,1.54536,manual_labels,0.0,False,highland,r-dr,highland,v-dr,highland,v-dr,True,False,False,
08-1-083342,21.8801,152.222,1.30033,manual_labels,0.0,False,highland,v-dr,,,highland,v-dr,True,True,False,
08-1-083344,21.9852,152.236,1.59239,manual_labels,0.0,False,highland,v-dr,,,highland,v-dr,True,True,False,
08-1-083348,21.9539,152.447,1.35236,manual_labels,0.0,False,highland,v-dr,,,highland,v-dr,True,True,False,
08-1-083352,22.0028,152.387,1.3104,manual_labels,0.0,False,highland,v-dr,,,highland,v-dr,True,True,False,
08-1-083353,22.0513,152.397,1.34963,manual_labels,0.0,False,highland,r-dr,highland,v-dr,highland,v-dr,True,False,False,
08-1-083386,21.5888,151.816,1.27465,manual_labels,0.0,False,highland,v-dr,,,highland,v-dr,True,True,False,
08-1-083387,21.5639,151.784,1.26634,manual_labels,0.0,False,highland,r-dr,highland,v-dr,highland,v-dr,True,False,False,
08-1-083396,21.3332,151.785,1.25524,manual_labels,0.0,False,highland,v-fr,highland,r-dr,highland,r-dr,True,False,True,
08-1-090506,22.3879,152.743,1.44358,manual_labels,0.0,False,highland,v-dr,,,highland,v-dr,True,True,False,
08-1-090509,22.3153,152.774,1.24134,manual_labels,0.0,False,highland,v-dr,,,highland,v-dr,True,True,False,
08-1-090510,22.2481,152.755,1.57715,manual_labels,0.0,False,highland,r-fr,highland,r-dr,highland,r-dr,True,False,False,
08-1-118909,29.8954,134.449,1.23523,manual_labels,0.0,False,highland,v-dr,,,highland,v-dr,True,True,False,
08-1-124496,30.7431,134.775,1.47279,manual_labels,0.0,False,highland,v-dr,,,highland,v-dr,True,True,False,
08-1-124498,30.6651,134.71,1.17731,manual_labels,0.0,False,highland,r-dr,,,highland,r-dr,True,True,False,
08-1-124500,30.6564,134.656,1.28325,manual_labels,0.0,False,highland,v-dr,,,highland,v-dr,True,True,False,
08-1-124509,30.1269,134.743,1.2909,manual_labels,0.0,False,highland,v-dr,,,highland,v-dr,True,True,False,
08-1-124512,29.9838,134.546,1.49858,manual_labels,0.0,False,highland,v-dr,,,highland,v-dr,True,True,False,
08-1-124518,29.884,134.303,1.27763,manual_labels,0.0,False,highland,v-dr,,,highland,v-dr,True,True,False,
08-1-124522,30.1843,134.737,1.73089,manual_labels,0.0,False,highland,v-dr,,,highland,v-dr,True,True,False,
08-1-124525,30.4628,134.651,1.02952,manual_labels,0.0,False,highland,r-dr,,,highland,r-dr,True,True,False,
08-1-124531,30.3561,134.303,1.13851,manual_labels,0.0,False,highland,r-dr,,,highland,r-dr,True,True,False,
08-1-124544,30.3342,134.975,1.58808,manual_labels,0.0,False,highland,v-dr,,,highland,v-dr,True,True,False,
08-1-124555,30.421,134.331,1.01874,manual_labels,0.0,False,highland,v-dr,,,highland,v-dr,True,True,False,
08-1-128923,32.0559,131.067,1.67491,manual_labels,0.0,False,highland,r-dr,,,highland,r-dr,True,True,False,
08-1-128925,31.9673,131.104,1.43825,manual_labels,0.0,False,highland,v-dr,,,highland,v-dr,True,True,False,
08-1-129270,30.8389,134.999,1.83893,manual_labels,0.0,False,highland,v-dr,,,highland,v-dr,True,True,False,
08-1-133009,32.0388,131.2,1.42239,manual_labels,0.0,False,highland,r-fr,highland,v-dr,highland,v-dr,True,False,True,
08-1-133011,31.9772,131.212,1.07024,manual_labels,0.0,False,highland,v-dr,,,highland,v-dr,True,True,False,
08-1-133020,32.126,131.302,1.13736,manual_labels,0.0,False,highland,r-dr,,,highland,r-dr,True,True,False,
08-1-133039,32.094,131.215,1.07689,manual_labels,0.0,False,highland,v-dr,,,highland,v-dr,True,True,False,
08-1-133093,32.7443,132.298,1.05255,manual_labels,0.0,False,highland,r-dr,highland,v-dr,highland,v-dr,True,False,False,
08-1-140594,34.7385,136.904,1.00131,manual_labels,0.0,False,highland,v-dr,,,highland,v-dr,True,True,False,
08-1-140596,34.7384,136.807,1.40177,manual_labels,0.0,False,highland,v-dr,,,highland,v-dr,True,True,False,
08-1-140621,34.5252,136.455,1.04059,manual_labels,0.0,False,highland,v-dr,,,highland,v-dr,True,True,False,
08-1-140623,34.4957,136.518,1.08864,manual_labels,0.0,False,highland,v-dr,,,highland,v-dr,True,True,False,
08-1-140625,34.416,136.485,1.06219,manual_labels,0.0,False,highland,v-dr,,,highland,v-dr,True,True,False,
08-1-140668,35.2941,137.814,1.60982,manual_labels,0.0,False,highland,v-dr,,,highland,v-dr,True,True,False,
08-1-140669,35.2497,137.747,1.08198,manual_labels,0.0,False,highland,v-dr,,,highland,v-dr,True,True,False,
08-1-144396,35.5558,138.2,1.27236,manual_labels,0.0,False,highland,v-dr,,,highland,v-dr,True,True,False,
08-1-144398,35.458,138.222,1.52175,manual_labels,0.0,False,highland,r-dr,,,highland,r-dr,True,True,False,
08-1-144399,35.4805,138.149,1.46905,manual_labels,0.0,False,highland,v-dr,,,highland,v-dr,True,True,False,
08-1-144433,35.4341,138.146,1.11326,manual_labels,0.0,False,highland,v-dr,,,highland,v-dr,True,True,False,
08-1-144438,35.341,137.841,1.20024,manual_labels,0.0,False,highland,v-dr,,,highland,v-dr,True,True,False,
08-1-167105,41.1915,157.592,1.10899,manual_labels,0.0,False,highland,v-dr,,,highland,v-dr,True,True,False,
08-1-167124,41.6175,158.592,1.19193,manual_labels,0.0,False,highland,v-dr,,,highland,v-dr,True,True,False,
08-1-167133,41.6738,158.728,1.1253,manual_labels,0.0,False,highland,v-dr,,,highland,v-dr,True,True,False,
08-1-167134,41.7358,158.966,1.27805,manual_labels,0.0,False,highland,v-fr,highland,v-dr,highland,v-dr,True,False,True,
08-1-167146,41.3647,158.563,1.10009,manual_labels,0.0,False,highland,r-fr,highland,r-dr,highland,r-dr,True,False,False,
08-1-167153,41.2255,158.54,1.00332,manual_labels,0.0,False,highland,v-dr,,,highland,v-dr,True,True,False,
08-1-167162,41.2882,158.643,1.00485,manual_labels,0.0,False,highland,v-dr,,,highland,v-dr,True,True,False,
08-1-167200,41.4885,158.906,1.14132,manual_labels,0.0,False,highland,r-dr,highland,v-dr,highland,v-dr,True,False,False,
08-1-169415,41.9366,160.251,1.58632,manual_labels,0.0,False,highland,r-dr,highland,v-dr,highland,v-dr,True,False,False,
08-1-169420,41.8816,160.156,1.29945,manual_labels,0.0,False,highland,v-dr,,,highland,v-dr,True,True,False,
08-1-169424,41.9818,160.337,1.1873,manual_labels,0.0,False,highland,v-dr,,,highland,v-dr,True,True,False,
08-1-169538,42.1564,159.859,1.12668,manual_labels,0.0,False,highland,v-dr,,,highland,v-dr,True,True,False,
08-1-169544,41.7996,159.713,1.69762,manual_labels,0.0,False,highland,r-dr,highland,v-dr,highland,v-dr,True,False,False,
08-1-169559,41.7494,159.754,1.87145,manual_labels,0.0,False,highland,v-dr,,,highland,v-dr,True,True,False,
09-1-005813,-0.969474,156.647,1.37285,manual_labels,0.0,False,highland,v-dr,,,highland,v-dr,True,True,False,
09-1-005821,-0.541469,156.529,1.33022,manual_labels,0.0,False,highland,v-dr,,,highland,v-dr,True,True,False,
09-1-005834,-0.0606446,156.524,1.10635,manual_labels,0.0,False,highland,v-dr,,,highland,v-dr,True,True,False,
09-1-005838,-0.232734,156.537,1.25205,manual_labels,0.0,False,highland,r-dr,highland,v-dr,highland,v-dr,True,False,False,
09-1-005845,-0.373428,156.698,1.50036,manual_labels,0.0,False,highland,r-fr,,,highland,r-fr,True,True,False,
09-1-005867,-0.301318,156.557,1.21354,manual_labels,0.0,False,highland,v-dr,,,highland,v-dr,True,True,False,
09-1-005875,-0.884265,156.679,1.25005,manual_labels,0.0,False,highland,v-dr,,,highland,v-dr,True,True,False,
09-1-005962,-0.473574,156.675,1.04403,manual_labels,0.0,False,highland,v-dr,,,highland,v-dr,True,True,False,
09-1-006196,-0.11314,160.207,1.03399,manual_labels,0.0,False,highland,v-dr,,,highland,v-dr,True,True,False,
09-1-006205,-0.191968,160.243,1.1526,manual_labels,0.0,False,highland,v-dr,,,highland,v-dr,True,True,False,
09-1-006219,-0.464196,160.2,1.3755,manual_labels,0.0,False,highland,v-dr,,,highland,v-dr,True,True,False,
09-1-006273,-0.936542,160.183,1.23477,manual_labels,0.0,False,highland,v-dr,,,highland,v-dr,True,True,False,
09-1-006317,-0.384496,160.203,1.30778,manual_labels,0.0,False,highland,v-dr,,,highland,v-dr,True,True,False,
09-1-009831,-1.87179,141.607,1.00852,manual_labels,0.0,False,highland,v-dr,,,highland,v-dr,True,True,False,
09-1-009835,-1.766,141.623,1.0467,manual_labels,0.0,False,highland,v-dr,,,highland,v-dr,True,True,False,
09-1-009860,-1.99269,141.719,1.08623,manual_labels,0.0,False,highland,v-dr,,,highland,v-dr,True,True,False,
09-1-009862,-2.12363,141.599,1.47838,manual_labels,0.0,False,highland,v-dr,,,highland,v-dr,True,True,False,
09-1-009864,-2.17272,141.719,1.41938,manual_labels,0.0,False,highland,v-dr,,,highland,v-dr,True,True,False,
09-1-009865,-2.18039,141.679,1.10895,manual_labels,0.0,False,highland,v-dr,,,highland,v-dr,True,True,False,
09-1-009869,-1.95396,141.731,1.31835,manual_labels,0.0,False,highland,v-dr,,,highland,v-dr,True,True,False,
09-1-009901,-2.16979,141.391,1.24756,manual_labels,0.0,False,highland,r-dr,highland,v-dr,highland,v-dr,True,False,False,
09-1-009925,-2.26928,141.59,1.01171,manual_labels,0.0,False,highland,v-dr,,,highland,v-dr,True,True,False,
09-1-015067,-2.4578,141.374,1.35615,manual_labels,0.0,False,highland,v-dr,,,highland,v-dr,True,True,False,
09-1-015069,-2.40213,141.342,1.3174,manual_labels,0.0,False,highland,v-dr,,,highland,v-dr,True,True,False,
09-1-015076,-2.34662,141.354,1.09746,manual_labels,0.0,False,highland,r-dr,highland,v-dr,highland,v-dr,True,False,True,
09-1-015119,-2.41007,141.702,1.29399,manual_labels,0.0,False,highland,v-dr,,,highland,v-dr,True,True,False,
09-1-015122,-2.30507,141.703,1.21041,manual_labels,0.0,False,highland,v-dr,,,highland,v-dr,True,True,False,
09-1-054948,-13.9896,123.278,1.36304,manual_labels,0.0,False,highland,r-dr,highland,v-dr,highland,v-dr,True,False,False,
09-1-111394,-28.87,114.809,1.07871,manual_labels,0.0,False,highland,v-dr,,,highland,v-dr,True,True,False,
09-1-111395,-28.7996,114.859,1.05046,manual_labels,0.0,False,highland,v-dr,,,highland,v-dr,True,True,False,
